Carga,Tempo (ms),Carga %,Tempo (min)
100.0,102,100.0%,0.0017
99.9,211,99.9%,0.0035166666666666666
99.8,321,99.8%,0.00535
99.8,431,99.8%,0.007183333333333333
99.7,540,99.7%,0.009
99.7,651,99.7%,0.01085
99.6,760,99.6%,0.012666666666666666
99.6,870,99.6%,0.0145
99.5,979,99.5%,0.016316666666666667
99.5,1089,99.5%,0.01815
99.4,1199,99.4%,0.019983333333333332
99.4,1309,99.4%,0.021816666666666668
99.3,1419,99.3%,0.02365
99.3,1528,99.3%,0.025466666666666665
99.2,1639,99.2%,0.027316666666666666
99.2,1748,99.2%,0.029133333333333334
99.1,1858,99.1%,0.030966666666666667
99.1,1969,99.1%,0.03281666666666667
99.0,2078,99.0%,0.034633333333333335
99.0,2188,99.0%,0.03646666666666667
98.9,2298,98.9%,0.0383
98.9,2408,98.9%,0.04013333333333333
98.8,2518,98.8%,0.041966666666666666
98.8,2627,98.8%,0.043783333333333334
98.7,2738,98.7%,0.04563333333333333
98.7,2847,98.7%,0.04745
98.6,2957,98.6%,0.04928333333333333
98.6,3067,98.6%,0.051116666666666664
98.5,3177,98.5%,0.05295
98.5,3287,98.5%,0.05478333333333334
98.4,3397,98.4%,0.05661666666666667
98.4,3507,98.4%,0.05845
98.3,3616,98.3%,0.06026666666666667
98.3,3727,98.3%,0.06211666666666667
98.2,3836,98.2%,0.06393333333333333
98.2,3946,98.2%,0.06576666666666667
98.1,4056,98.1%,0.0676
98.1,4166,98.1%,0.06943333333333333
98.0,4276,98.0%,0.07126666666666667
98.0,4385,98.0%,0.07308333333333333
97.9,4496,97.9%,0.07493333333333334
97.9,4605,97.9%,0.07675
97.8,4715,97.8%,0.07858333333333334
97.8,4826,97.8%,0.08043333333333333
97.7,4935,97.7%,0.08225
97.7,5046,97.7%,0.0841
97.6,5155,97.6%,0.08591666666666667
97.6,5265,97.6%,0.08775
97.5,5376,97.5%,0.0896
97.5,5485,97.5%,0.09141666666666666
97.4,5595,97.4%,0.09325
97.4,5705,97.4%,0.09508333333333334
97.3,5815,97.3%,0.09691666666666666
97.3,5924,97.3%,0.09873333333333334
97.2,6035,97.2%,0.10058333333333333
97.2,6145,97.2%,0.10241666666666667
97.1,6254,97.1%,0.10423333333333333
97.1,6365,97.1%,0.10608333333333334
97.0,6474,97.0%,0.1079
97.0,6584,97.0%,0.10973333333333334
96.9,6693,96.9%,0.11155
96.9,6804,96.9%,0.1134
96.8,6914,96.8%,0.11523333333333333
96.8,7023,96.8%,0.11705
96.7,7134,96.7%,0.1189
96.7,7243,96.7%,0.12071666666666667
96.6,7353,96.6%,0.12255
96.6,7463,96.6%,0.12438333333333333
96.5,7573,96.5%,0.12621666666666667
96.5,7683,96.5%,0.12805
96.4,7793,96.4%,0.12988333333333332
96.4,7903,96.4%,0.13171666666666668
96.3,8012,96.3%,0.13353333333333334
96.3,8123,96.3%,0.13538333333333333
96.2,8232,96.2%,0.1372
96.2,8342,96.2%,0.13903333333333334
96.1,8453,96.1%,0.14088333333333333
96.1,8562,96.1%,0.1427
96.0,8672,96.0%,0.14453333333333335
96.0,8781,96.0%,0.14635
95.9,8892,95.9%,0.1482
95.9,9001,95.9%,0.15001666666666666
95.8,9111,95.8%,0.15185
95.8,9222,95.8%,0.1537
95.7,9331,95.7%,0.15551666666666666
95.7,9441,95.7%,0.15735
95.6,9551,95.6%,0.15918333333333334
95.6,9661,95.6%,0.16101666666666667
95.5,9771,95.5%,0.16285
95.5,9881,95.5%,0.16468333333333332
95.4,9991,95.4%,0.16651666666666667
95.4,10100,95.4%,0.16833333333333333
95.3,10211,95.3%,0.17018333333333333
95.3,10320,95.3%,0.172
95.2,10431,95.2%,0.17385
95.2,10541,95.2%,0.17568333333333333
95.1,10650,95.1%,0.1775
95.1,10761,95.1%,0.17935
95.0,10870,95.0%,0.18116666666666667
95.0,10980,95.0%,0.183
94.9,11090,94.9%,0.18483333333333332
94.9,11200,94.9%,0.18666666666666668
94.8,11311,94.8%,0.18851666666666667
94.8,11421,94.8%,0.19035
94.7,11531,94.7%,0.19218333333333334
94.7,11641,94.7%,0.19401666666666667
94.6,11751,94.6%,0.19585
94.6,11862,94.6%,0.1977
94.5,11971,94.5%,0.19951666666666668
94.5,12082,94.5%,0.20136666666666667
94.4,12191,94.4%,0.20318333333333333
94.4,12302,94.4%,0.20503333333333335
94.3,12411,94.3%,0.20685
94.3,12522,94.3%,0.2087
94.2,12632,94.2%,0.21053333333333332
94.2,12742,94.2%,0.21236666666666668
94.1,12852,94.1%,0.2142
94.1,12962,94.1%,0.21603333333333333
94.0,13072,94.0%,0.21786666666666665
94.0,13182,94.0%,0.2197
93.9,13292,93.9%,0.22153333333333333
93.9,13403,93.9%,0.22338333333333332
93.8,13512,93.8%,0.2252
93.8,13623,93.8%,0.22705
93.7,13732,93.7%,0.22886666666666666
93.7,13843,93.7%,0.23071666666666665
93.6,13953,93.6%,0.23255
93.6,14063,93.6%,0.23438333333333333
93.5,14173,93.5%,0.23621666666666666
93.5,14283,93.5%,0.23805
93.4,14393,93.4%,0.23988333333333334
93.4,14503,93.4%,0.24171666666666666
93.3,14613,93.3%,0.24355
93.3,14723,93.3%,0.24538333333333334
93.2,14833,93.2%,0.24721666666666667
93.2,14943,93.2%,0.24905
93.1,15053,93.1%,0.25088333333333335
93.1,15163,93.1%,0.25271666666666665
93.0,15273,93.0%,0.25455
93.0,15383,93.0%,0.25638333333333335
92.9,15494,92.9%,0.2582333333333333
92.9,15603,92.9%,0.26005
92.8,15714,92.8%,0.2619
92.8,15823,92.8%,0.26371666666666665
92.7,15934,92.7%,0.2655666666666667
92.7,16044,92.7%,0.2674
92.6,16154,92.6%,0.2692333333333333
92.6,16265,92.6%,0.27108333333333334
92.5,16374,92.5%,0.2729
92.5,16485,92.5%,0.27475
92.4,16594,92.4%,0.2765666666666667
92.4,16704,92.4%,0.2784
92.3,16815,92.3%,0.28025
92.3,16924,92.3%,0.2820666666666667
92.2,17035,92.2%,0.28391666666666665
92.2,17144,92.2%,0.28573333333333334
92.1,17255,92.1%,0.28758333333333336
92.1,17364,92.1%,0.2894
92.0,17475,92.0%,0.29125
92.0,17585,92.0%,0.2930833333333333
91.9,17695,91.9%,0.29491666666666666
91.9,17805,91.9%,0.29675
91.8,17915,91.8%,0.2985833333333333
91.8,18025,91.8%,0.30041666666666667
91.7,18136,91.7%,0.3022666666666667
91.7,18245,91.7%,0.3040833333333333
91.6,18356,91.6%,0.30593333333333333
91.6,18465,91.6%,0.30775
91.5,18576,91.5%,0.3096
91.5,18685,91.5%,0.3114166666666667
91.4,18796,91.4%,0.3132666666666667
91.4,18906,91.4%,0.3151
91.3,19016,91.3%,0.31693333333333334
91.3,19126,91.3%,0.31876666666666664
91.2,19236,91.2%,0.3206
91.2,19346,91.2%,0.32243333333333335
91.1,19457,91.1%,0.3242833333333333
91.1,19566,91.1%,0.3261
91.0,19677,91.0%,0.32795
91.0,19786,91.0%,0.32976666666666665
90.9,19896,90.9%,0.3316
90.9,20006,90.9%,0.33343333333333336
90.8,20117,90.8%,0.3352833333333333
90.8,20227,90.8%,0.3371166666666667
90.7,20336,90.7%,0.3389333333333333
90.7,20447,90.7%,0.3407833333333333
90.6,20556,90.6%,0.3426
90.6,20667,90.6%,0.34445
90.5,20777,90.5%,0.34628333333333333
90.5,20887,90.5%,0.3481166666666667
90.4,20998,90.4%,0.34996666666666665
90.4,21107,90.4%,0.35178333333333334
90.3,21218,90.3%,0.35363333333333336
90.3,21327,90.3%,0.35545
90.2,21437,90.2%,0.35728333333333334
90.2,21548,90.2%,0.35913333333333336
90.1,21657,90.1%,0.36095
90.1,21768,90.1%,0.3628
90.0,21877,90.0%,0.36461666666666664
90.0,21988,90.0%,0.36646666666666666
89.9,22097,89.9%,0.36828333333333335
89.9,22208,89.9%,0.3701333333333333
89.8,22318,89.8%,0.37196666666666667
89.8,22428,89.8%,0.3738
89.7,22538,89.7%,0.3756333333333333
89.7,22648,89.7%,0.3774666666666667
89.6,22758,89.6%,0.3793
89.6,22868,89.6%,0.3811333333333333
89.5,22978,89.5%,0.3829666666666667
89.5,23089,89.5%,0.38481666666666664
89.4,23198,89.4%,0.38663333333333333
89.4,23309,89.4%,0.38848333333333335
89.3,23418,89.3%,0.3903
89.3,23529,89.3%,0.39215
89.2,23639,89.2%,0.39398333333333335
89.2,23749,89.2%,0.39581666666666665
89.1,23859,89.1%,0.39765
89.1,23969,89.1%,0.39948333333333336
89.0,24079,89.0%,0.40131666666666665
89.0,24189,89.0%,0.40315
88.9,24299,88.9%,0.4049833333333333
88.9,24410,88.9%,0.4068333333333333
88.8,24519,88.8%,0.40865
88.8,24630,88.8%,0.4105
88.7,24739,88.7%,0.41231666666666666
88.7,24850,88.7%,0.4141666666666667
88.6,24960,88.6%,0.416
88.6,25070,88.6%,0.41783333333333333
88.5,25180,88.5%,0.4196666666666667
88.5,25290,88.5%,0.4215
88.4,25400,88.4%,0.42333333333333334
88.4,25510,88.4%,0.4251666666666667
88.3,25620,88.3%,0.427
88.3,25731,88.3%,0.42885
88.2,25840,88.2%,0.43066666666666664
88.2,25951,88.2%,0.43251666666666666
88.1,26060,88.1%,0.43433333333333335
88.1,26171,88.1%,0.4361833333333333
88.0,26280,88.0%,0.438
88.0,26391,88.0%,0.43985
87.9,26501,87.9%,0.4416833333333333
87.9,26611,87.9%,0.44351666666666667
87.8,26721,87.8%,0.44535
87.8,26830,87.8%,0.44716666666666666
87.7,26941,87.7%,0.4490166666666667
87.7,27051,87.7%,0.45085
87.6,27161,87.6%,0.4526833333333333
87.6,27271,87.6%,0.4545166666666667
87.5,27381,87.5%,0.45635
87.5,27491,87.5%,0.45818333333333333
87.4,27601,87.4%,0.4600166666666667
87.4,27711,87.4%,0.46185
87.3,27822,87.3%,0.4637
87.3,27931,87.3%,0.4655166666666667
87.2,28042,87.2%,0.46736666666666665
87.2,28151,87.2%,0.46918333333333334
87.1,28262,87.1%,0.47103333333333336
87.1,28371,87.1%,0.47285
87.0,28482,87.0%,0.4747
87.0,28592,87.0%,0.4765333333333333
86.9,28702,86.9%,0.47836666666666666
86.9,28812,86.9%,0.4802
86.8,28922,86.8%,0.4820333333333333
86.8,29032,86.8%,0.48386666666666667
86.7,29143,86.7%,0.4857166666666667
86.7,29252,86.7%,0.4875333333333333
86.6,29363,86.6%,0.48938333333333334
86.6,29472,86.6%,0.4912
86.5,29583,86.5%,0.49305
86.5,29692,86.5%,0.4948666666666667
86.4,29803,86.4%,0.49671666666666664
86.4,29913,86.4%,0.49855
86.3,30023,86.3%,0.5003833333333333
86.3,30133,86.3%,0.5022166666666666
86.2,30243,86.2%,0.50405
86.2,30353,86.2%,0.5058833333333334
86.1,30464,86.1%,0.5077333333333334
86.1,30573,86.1%,0.50955
86.0,30684,86.0%,0.5114
86.0,30793,86.0%,0.5132166666666667
85.9,30904,85.9%,0.5150666666666667
85.9,31013,85.9%,0.5168833333333334
85.8,31124,85.8%,0.5187333333333334
85.8,31234,85.8%,0.5205666666666666
85.7,31344,85.7%,0.5224
85.7,31454,85.7%,0.5242333333333333
85.6,31564,85.6%,0.5260666666666667
85.6,31674,85.6%,0.5279
85.5,31784,85.5%,0.5297333333333333
85.5,31894,85.5%,0.5315666666666666
85.4,32005,85.4%,0.5334166666666667
85.4,32114,85.4%,0.5352333333333333
85.3,32225,85.3%,0.5370833333333334
85.3,32334,85.3%,0.5389
85.2,32445,85.2%,0.54075
85.2,32555,85.2%,0.5425833333333333
85.1,32664,85.1%,0.5444
85.1,32775,85.1%,0.54625
85.0,32884,85.0%,0.5480666666666667
85.0,32995,85.0%,0.5499166666666667
84.9,33104,84.9%,0.5517333333333333
84.9,33215,84.9%,0.5535833333333333
84.8,33325,84.8%,0.5554166666666667
84.8,33435,84.8%,0.55725
84.7,33545,84.7%,0.5590833333333334
84.7,33655,84.7%,0.5609166666666666
84.6,33765,84.6%,0.56275
84.6,33875,84.6%,0.5645833333333333
84.5,33985,84.5%,0.5664166666666667
84.5,34096,84.5%,0.5682666666666667
84.4,34205,84.4%,0.5700833333333334
84.4,34316,84.4%,0.5719333333333333
84.3,34425,84.3%,0.57375
84.3,34536,84.3%,0.5756
84.2,34646,84.2%,0.5774333333333334
84.2,34756,84.2%,0.5792666666666667
84.1,34866,84.1%,0.5811
84.1,34976,84.1%,0.5829333333333333
84.0,35086,84.0%,0.5847666666666667
84.0,35196,84.0%,0.5866
83.9,35306,83.9%,0.5884333333333334
83.9,35417,83.9%,0.5902833333333334
83.8,35526,83.8%,0.5921
83.8,35637,83.8%,0.59395
83.7,35746,83.7%,0.5957666666666667
83.7,35857,83.7%,0.5976166666666667
83.6,35966,83.6%,0.5994333333333334
83.6,36076,83.6%,0.6012666666666666
83.5,36187,83.5%,0.6031166666666666
83.5,36296,83.5%,0.6049333333333333
83.4,36407,83.4%,0.6067833333333333
83.4,36517,83.4%,0.6086166666666667
83.3,36627,83.3%,0.61045
83.3,36738,83.3%,0.6123
83.2,36847,83.2%,0.6141166666666666
83.2,36957,83.2%,0.61595
83.1,37067,83.1%,0.6177833333333334
83.1,37177,83.1%,0.6196166666666667
83.0,37287,83.0%,0.62145
83.0,37397,83.0%,0.6232833333333333
82.9,37508,82.9%,0.6251333333333333
82.9,37617,82.9%,0.62695
82.8,37728,82.8%,0.6288
82.8,37837,82.8%,0.6306166666666667
82.7,37948,82.7%,0.6324666666666666
82.7,38057,82.7%,0.6342833333333333
82.6,38168,82.6%,0.6361333333333333
82.6,38278,82.6%,0.6379666666666667
82.5,38388,82.5%,0.6398
82.5,38498,82.5%,0.6416333333333334
82.4,38608,82.4%,0.6434666666666666
82.4,38718,82.4%,0.6453
82.3,38829,82.3%,0.64715
82.3,38938,82.3%,0.6489666666666667
82.2,39049,82.2%,0.6508166666666667
82.2,39158,82.2%,0.6526333333333333
82.1,39269,82.1%,0.6544833333333333
82.1,39378,82.1%,0.6563
82.0,39489,82.0%,0.65815
82.0,39599,82.0%,0.6599833333333334
81.9,39709,81.9%,0.6618166666666667
81.9,39819,81.9%,0.66365
81.8,39929,81.8%,0.6654833333333333
81.8,40040,81.8%,0.6673333333333333
81.7,40150,81.7%,0.6691666666666667
81.7,40259,81.7%,0.6709833333333334
81.6,40370,81.6%,0.6728333333333333
81.6,40479,81.6%,0.67465
81.5,40590,81.5%,0.6765
81.5,40699,81.5%,0.6783166666666667
81.4,40810,81.4%,0.6801666666666667
81.4,40920,81.4%,0.682
81.3,41029,81.3%,0.6838166666666666
81.3,41140,81.3%,0.6856666666666666
81.2,41249,81.2%,0.6874833333333333
81.2,41360,81.2%,0.6893333333333334
81.1,41469,81.1%,0.69115
81.1,41580,81.1%,0.693
81.0,41690,81.0%,0.6948333333333333
81.0,41800,81.0%,0.6966666666666667
80.9,41910,80.9%,0.6985
80.9,42020,80.9%,0.7003333333333334
80.8,42130,80.8%,0.7021666666666667
80.8,42241,80.8%,0.7040166666666666
80.7,42350,80.7%,0.7058333333333333
80.7,42461,80.7%,0.7076833333333333
80.6,42570,80.6%,0.7095
80.6,42681,80.6%,0.71135
80.5,42790,80.5%,0.7131666666666666
80.5,42901,80.5%,0.7150166666666666
80.4,43011,80.4%,0.71685
80.4,43121,80.4%,0.7186833333333333
80.3,43231,80.3%,0.7205166666666667
80.3,43341,80.3%,0.72235
80.2,43451,80.2%,0.7241833333333333
80.2,43561,80.2%,0.7260166666666666
80.1,43671,80.1%,0.72785
80.1,43782,80.1%,0.7297
80.0,43891,80.0%,0.7315166666666667
80.0,44002,80.0%,0.7333666666666666
79.9,44111,79.9%,0.7351833333333333
79.9,44222,79.9%,0.7370333333333333
79.8,44332,79.8%,0.7388666666666667
79.8,44442,79.8%,0.7407
79.7,44552,79.7%,0.7425333333333334
79.7,44662,79.7%,0.7443666666666666
79.6,44772,79.6%,0.7462
79.6,44882,79.6%,0.7480333333333333
79.5,44992,79.5%,0.7498666666666667
79.5,45103,79.5%,0.7517166666666667
79.4,45212,79.4%,0.7535333333333334
79.4,45322,79.4%,0.7553666666666666
79.3,45432,79.3%,0.7572
79.3,45542,79.3%,0.7590333333333333
79.2,45652,79.2%,0.7608666666666667
79.2,45762,79.2%,0.7627
79.1,45873,79.1%,0.76455
79.1,45982,79.1%,0.7663666666666666
79.0,46093,79.0%,0.7682166666666667
79.0,46202,79.0%,0.7700333333333333
78.9,46313,78.9%,0.7718833333333334
78.9,46423,78.9%,0.7737166666666667
78.8,46533,78.8%,0.77555
78.8,46643,78.8%,0.7773833333333333
78.7,46753,78.7%,0.7792166666666667
78.7,46863,78.7%,0.78105
78.6,46973,78.6%,0.7828833333333334
78.6,47083,78.6%,0.7847166666666666
78.5,47194,78.5%,0.7865666666666666
78.5,47303,78.5%,0.7883833333333333
78.4,47414,78.4%,0.7902333333333333
78.4,47523,78.4%,0.79205
78.3,47634,78.3%,0.7939
78.3,47744,78.3%,0.7957333333333333
78.2,47854,78.2%,0.7975666666666666
78.2,47964,78.2%,0.7994
78.1,48074,78.1%,0.8012333333333334
78.1,48184,78.1%,0.8030666666666667
78.0,48294,78.0%,0.8049
78.0,48404,78.0%,0.8067333333333333
77.9,48515,77.9%,0.8085833333333333
77.9,48624,77.9%,0.8104
77.8,48735,77.8%,0.81225
77.8,48844,77.8%,0.8140666666666667
77.7,48955,77.7%,0.8159166666666666
77.7,49064,77.7%,0.8177333333333333
77.6,49175,77.6%,0.8195833333333333
77.6,49285,77.6%,0.8214166666666667
77.5,49394,77.5%,0.8232333333333334
77.5,49505,77.5%,0.8250833333333333
77.4,49615,77.4%,0.8269166666666666
77.4,49725,77.4%,0.82875
77.3,49836,77.3%,0.8306
77.3,49945,77.3%,0.8324166666666667
77.2,50055,77.2%,0.83425
77.2,50165,77.2%,0.8360833333333333
77.1,50275,77.1%,0.8379166666666666
77.1,50385,77.1%,0.83975
77.0,50495,77.0%,0.8415833333333333
77.0,50606,77.0%,0.8434333333333334
76.9,50715,76.9%,0.84525
76.9,50826,76.9%,0.8471
76.8,50935,76.8%,0.8489166666666667
76.8,51046,76.8%,0.8507666666666667
76.7,51155,76.7%,0.8525833333333334
76.7,51266,76.7%,0.8544333333333334
76.6,51376,76.6%,0.8562666666666666
76.6,51486,76.6%,0.8581
76.5,51596,76.5%,0.8599333333333333
76.5,51705,76.5%,0.86175
76.4,51816,76.4%,0.8636
76.4,51926,76.4%,0.8654333333333334
76.3,52036,76.3%,0.8672666666666666
76.3,52146,76.3%,0.8691
76.2,52256,76.2%,0.8709333333333333
76.2,52366,76.2%,0.8727666666666667
76.1,52476,76.1%,0.8746
76.1,52586,76.1%,0.8764333333333333
76.0,52697,76.0%,0.8782833333333333
76.0,52806,76.0%,0.8801
75.9,52917,75.9%,0.88195
75.9,53026,75.9%,0.8837666666666667
75.8,53137,75.8%,0.8856166666666667
75.8,53246,75.8%,0.8874333333333333
75.7,53357,75.7%,0.8892833333333333
75.7,53467,75.7%,0.8911166666666667
75.6,53577,75.6%,0.89295
75.6,53687,75.6%,0.8947833333333334
75.5,53797,75.5%,0.8966166666666666
75.5,53907,75.5%,0.89845
75.4,54017,75.4%,0.9002833333333333
75.4,54127,75.4%,0.9021166666666667
75.3,54237,75.3%,0.90395
75.3,54347,75.3%,0.9057833333333334
75.2,54457,75.2%,0.9076166666666666
75.2,54567,75.2%,0.90945
75.1,54678,75.1%,0.9113
75.1,54788,75.1%,0.9131333333333334
75.0,54898,75.0%,0.9149666666666667
75.0,55008,75.0%,0.9168
74.9,55117,74.9%,0.9186166666666666
74.9,55228,74.9%,0.9204666666666667
74.8,55337,74.8%,0.9222833333333333
74.8,55448,74.8%,0.9241333333333334
74.7,55558,74.7%,0.9259666666666667
74.7,55668,74.7%,0.9278
74.6,55778,74.6%,0.9296333333333333
74.6,55888,74.6%,0.9314666666666667
74.5,55998,74.5%,0.9333
74.5,56109,74.5%,0.93515
74.4,56218,74.4%,0.9369666666666666
74.4,56329,74.4%,0.9388166666666666
74.3,56438,74.3%,0.9406333333333333
74.3,56549,74.3%,0.9424833333333333
74.2,56658,74.2%,0.9443
74.2,56769,74.2%,0.94615
74.1,56879,74.1%,0.9479833333333333
74.1,56989,74.1%,0.9498166666666666
74.0,57099,74.0%,0.95165
74.0,57209,74.0%,0.9534833333333333
73.9,57319,73.9%,0.9553166666666667
73.9,57428,73.9%,0.9571333333333333
73.8,57539,73.8%,0.9589833333333333
73.8,57649,73.8%,0.9608166666666667
73.7,57759,73.7%,0.96265
73.7,57869,73.7%,0.9644833333333334
73.6,57979,73.6%,0.9663166666666667
73.6,58089,73.6%,0.96815
73.5,58200,73.5%,0.97
73.5,58309,73.5%,0.9718166666666667
73.4,58420,73.4%,0.9736666666666667
73.4,58529,73.4%,0.9754833333333334
73.3,58640,73.3%,0.9773333333333334
73.3,58749,73.3%,0.97915
73.2,58860,73.2%,0.981
73.2,58970,73.2%,0.9828333333333333
73.1,59080,73.1%,0.9846666666666667
73.1,59190,73.1%,0.9865
73.0,59300,73.0%,0.9883333333333333
73.0,59410,73.0%,0.9901666666666666
72.9,59521,72.9%,0.9920166666666667
72.9,59630,72.9%,0.9938333333333333
72.8,59741,72.8%,0.9956833333333334
72.8,59850,72.8%,0.9975
72.7,59961,72.7%,0.99935
72.7,60070,72.7%,1.0011666666666668
72.6,60181,72.6%,1.0030166666666667
72.6,60291,72.6%,1.00485
72.5,60401,72.5%,1.0066833333333334
72.5,60511,72.5%,1.0085166666666667
72.4,60621,72.4%,1.01035
72.4,60731,72.4%,1.0121833333333334
72.3,60840,72.3%,1.014
72.3,60951,72.3%,1.01585
72.2,61061,72.2%,1.0176833333333333
72.2,61171,72.2%,1.0195166666666666
72.1,61281,72.1%,1.02135
72.1,61391,72.1%,1.0231833333333333
72.0,61501,72.0%,1.0250166666666667
72.0,61612,72.0%,1.0268666666666666
71.9,61721,71.9%,1.0286833333333334
71.9,61832,71.9%,1.0305333333333333
71.8,61941,71.8%,1.03235
71.8,62052,71.8%,1.0342
71.7,62161,71.7%,1.0360166666666666
71.7,62272,71.7%,1.0378666666666667
71.6,62382,71.6%,1.0397
71.6,62492,71.6%,1.0415333333333334
71.5,62602,71.5%,1.0433666666666668
71.5,62712,71.5%,1.0452
71.4,62822,71.4%,1.0470333333333333
71.4,62932,71.4%,1.0488666666666666
71.3,63042,71.3%,1.0507
71.3,63153,71.3%,1.05255
71.2,63262,71.2%,1.0543666666666667
71.2,63373,71.2%,1.0562166666666666
71.1,63482,71.1%,1.0580333333333334
71.1,63593,71.1%,1.0598833333333333
71.0,63703,71.0%,1.0617166666666666
71.0,63813,71.0%,1.06355
70.9,63923,70.9%,1.0653833333333333
70.9,64033,70.9%,1.0672166666666667
70.8,64143,70.8%,1.06905
70.8,64253,70.8%,1.0708833333333334
70.7,64363,70.7%,1.0727166666666668
70.7,64474,70.7%,1.0745666666666667
70.6,64583,70.6%,1.0763833333333332
70.6,64694,70.6%,1.0782333333333334
70.5,64803,70.5%,1.08005
70.5,64914,70.5%,1.0819
70.4,65024,70.4%,1.0837333333333334
70.4,65134,70.4%,1.0855666666666666
70.3,65244,70.3%,1.0874
70.3,65354,70.3%,1.0892333333333333
70.2,65464,70.2%,1.0910666666666666
70.2,65574,70.2%,1.0929
70.1,65684,70.1%,1.0947333333333333
70.1,65795,70.1%,1.0965833333333332
70.0,65905,70.0%,1.0984166666666666
70.0,66015,70.0%,1.10025
69.9,66124,69.9%,1.1020666666666667
69.9,66235,69.9%,1.1039166666666667
69.8,66344,69.8%,1.1057333333333332
69.8,66455,69.8%,1.1075833333333334
69.7,66565,69.7%,1.1094166666666667
69.7,66675,69.7%,1.11125
69.6,66785,69.6%,1.1130833333333334
69.6,66895,69.6%,1.1149166666666666
69.5,67005,69.5%,1.11675
69.5,67116,69.5%,1.1186
69.4,67225,69.4%,1.1204166666666666
69.4,67336,69.4%,1.1222666666666667
69.3,67445,69.3%,1.1240833333333333
69.3,67556,69.3%,1.1259333333333332
69.2,67665,69.2%,1.12775
69.2,67776,69.2%,1.1296
69.1,67886,69.1%,1.1314333333333333
69.1,67996,69.1%,1.1332666666666666
69.0,68106,69.0%,1.1351
69.0,68216,69.0%,1.1369333333333334
68.9,68326,68.9%,1.1387666666666667
68.9,68436,68.9%,1.1406
68.8,68546,68.8%,1.1424333333333334
68.8,68657,68.8%,1.1442833333333333
68.7,68766,68.7%,1.1461
68.7,68877,68.7%,1.14795
68.6,68986,68.6%,1.1497666666666666
68.6,69097,68.6%,1.1516166666666667
68.5,69207,68.5%,1.15345
68.5,69317,68.5%,1.1552833333333334
68.4,69427,68.4%,1.1571166666666666
68.4,69537,68.4%,1.15895
68.3,69647,68.3%,1.1607833333333333
68.3,69757,68.3%,1.1626166666666666
68.2,69867,68.2%,1.16445
68.2,69978,68.2%,1.1663
68.1,70087,68.1%,1.1681166666666667
68.1,70198,68.1%,1.1699666666666666
68.0,70307,68.0%,1.1717833333333334
68.0,70418,68.0%,1.1736333333333333
67.9,70528,67.9%,1.1754666666666667
67.9,70638,67.9%,1.1773
67.8,70748,67.8%,1.1791333333333334
67.8,70858,67.8%,1.1809666666666667
67.7,70968,67.7%,1.1828
67.7,71078,67.7%,1.1846333333333334
67.6,71188,67.6%,1.1864666666666666
67.6,71299,67.6%,1.1883166666666667
67.5,71408,67.5%,1.1901333333333333
67.5,71519,67.5%,1.1919833333333334
67.4,71628,67.4%,1.1938
67.4,71739,67.4%,1.19565
67.3,71848,67.3%,1.1974666666666667
67.3,71959,67.3%,1.1993166666666666
67.2,72069,67.2%,1.20115
67.2,72179,67.2%,1.2029833333333333
67.1,72289,67.1%,1.2048166666666666
67.1,72399,67.1%,1.20665
67.0,72509,67.0%,1.2084833333333334
67.0,72620,67.0%,1.2103333333333333
66.9,72729,66.9%,1.21215
66.9,72840,66.9%,1.214
66.8,72949,66.8%,1.2158166666666668
66.8,73060,66.8%,1.2176666666666667
66.7,73169,66.7%,1.2194833333333333
66.7,73280,66.7%,1.2213333333333334
66.6,73390,66.6%,1.2231666666666667
66.6,73500,66.6%,1.225
66.5,73610,66.5%,1.2268333333333334
66.5,73720,66.5%,1.2286666666666666
66.4,73830,66.4%,1.2305
66.4,73940,66.4%,1.2323333333333333
66.3,74050,66.3%,1.2341666666666666
66.3,74161,66.3%,1.2360166666666668
66.2,74270,66.2%,1.2378333333333333
66.2,74381,66.2%,1.2396833333333332
66.1,74490,66.1%,1.2415
66.1,74601,66.1%,1.24335
66.0,74711,66.0%,1.2451833333333333
66.0,74821,66.0%,1.2470166666666667
65.9,74931,65.9%,1.24885
65.9,75041,65.9%,1.2506833333333334
65.8,75151,65.8%,1.2525166666666667
65.8,75261,65.8%,1.25435
65.7,75371,65.7%,1.2561833333333334
65.7,75482,65.7%,1.2580333333333333
65.6,75591,65.6%,1.25985
65.6,75702,65.6%,1.2617
65.5,75811,65.5%,1.2635166666666666
65.5,75922,65.5%,1.2653666666666668
65.4,76032,65.4%,1.2672
65.4,76142,65.4%,1.2690333333333332
65.3,76252,65.3%,1.2708666666666666
65.3,76361,65.3%,1.2726833333333334
65.2,76472,65.2%,1.2745333333333333
65.2,76581,65.2%,1.27635
65.1,76692,65.1%,1.2782
65.1,76803,65.1%,1.28005
65.0,76912,65.0%,1.2818666666666667
65.0,77022,65.0%,1.2837
64.9,77132,64.9%,1.2855333333333334
64.9,77242,64.9%,1.2873666666666668
64.8,77352,64.8%,1.2892
64.8,77462,64.8%,1.2910333333333333
64.7,77573,64.7%,1.2928833333333334
64.7,77682,64.7%,1.2947
64.6,77793,64.6%,1.29655
64.6,77902,64.6%,1.2983666666666667
64.5,78013,64.5%,1.3002166666666666
64.5,78123,64.5%,1.30205
64.4,78233,64.4%,1.3038833333333333
64.4,78343,64.4%,1.3057166666666666
64.3,78453,64.3%,1.30755
64.3,78563,64.3%,1.3093833333333333
64.2,78673,64.2%,1.3112166666666667
64.2,78783,64.2%,1.31305
64.1,78893,64.1%,1.3148833333333334
64.1,79003,64.1%,1.3167166666666668
64.0,79114,64.0%,1.3185666666666667
64.0,79223,64.0%,1.3203833333333332
63.9,79333,63.9%,1.3222166666666666
63.9,79443,63.9%,1.32405
63.8,79553,63.8%,1.3258833333333333
63.8,79664,63.8%,1.3277333333333334
63.7,79773,63.7%,1.32955
63.7,79884,63.7%,1.3314
63.6,79993,63.6%,1.3332166666666667
63.6,80104,63.6%,1.3350666666666666
63.5,80214,63.5%,1.3369
63.5,80324,63.5%,1.3387333333333333
63.4,80434,63.4%,1.3405666666666667
63.4,80544,63.4%,1.3424
63.3,80654,63.3%,1.3442333333333334
63.3,80764,63.3%,1.3460666666666667
63.2,80874,63.2%,1.3479
63.2,80985,63.2%,1.34975
63.1,81094,63.1%,1.3515666666666666
63.1,81205,63.1%,1.3534166666666667
63.0,81314,63.0%,1.3552333333333333
63.0,81425,63.0%,1.3570833333333334
62.9,81534,62.9%,1.3589
62.9,81644,62.9%,1.3607333333333334
62.8,81755,62.8%,1.3625833333333333
62.8,81864,62.8%,1.3644
62.7,81975,62.7%,1.36625
62.7,82084,62.7%,1.3680666666666668
62.6,82195,62.6%,1.3699166666666667
62.6,82305,62.6%,1.37175
62.5,82415,62.5%,1.3735833333333334
62.5,82525,62.5%,1.3754166666666667
62.4,82635,62.4%,1.37725
62.4,82745,62.4%,1.3790833333333334
62.3,82855,62.3%,1.3809166666666666
62.3,82965,62.3%,1.38275
62.2,83076,62.2%,1.3846
62.2,83185,62.2%,1.3864166666666666
62.1,83296,62.1%,1.3882666666666668
62.1,83405,62.1%,1.3900833333333333
62.0,83516,62.0%,1.3919333333333332
62.0,83625,62.0%,1.39375
61.9,83736,61.9%,1.3956
61.9,83846,61.9%,1.3974333333333333
61.8,83956,61.8%,1.3992666666666667
61.8,84066,61.8%,1.4011
61.7,84176,61.7%,1.4029333333333334
61.7,84286,61.7%,1.4047666666666667
61.6,84397,61.6%,1.4066166666666666
61.6,84506,61.6%,1.4084333333333334
61.5,84617,61.5%,1.4102833333333333
61.5,84726,61.5%,1.4121
61.4,84837,61.4%,1.41395
61.4,84946,61.4%,1.4157666666666666
61.3,85057,61.3%,1.4176166666666667
61.3,85167,61.3%,1.41945
61.2,85277,61.2%,1.4212833333333332
61.2,85387,61.2%,1.4231166666666666
61.1,85497,61.1%,1.42495
61.1,85607,61.1%,1.4267833333333333
61.0,85716,61.0%,1.4286
61.0,85827,61.0%,1.43045
60.9,85937,60.9%,1.4322833333333334
60.9,86047,60.9%,1.4341166666666667
60.8,86157,60.8%,1.43595
60.8,86267,60.8%,1.4377833333333334
60.7,86377,60.7%,1.4396166666666668
60.7,86488,60.7%,1.4414666666666667
60.6,86597,60.6%,1.4432833333333333
60.6,86708,60.6%,1.4451333333333334
60.5,86817,60.5%,1.44695
60.5,86928,60.5%,1.4488
60.4,87037,60.4%,1.4506166666666667
60.4,87148,60.4%,1.4524666666666666
60.3,87258,60.3%,1.4543
60.3,87368,60.3%,1.4561333333333333
60.2,87478,60.2%,1.4579666666666666
60.2,87588,60.2%,1.4598
60.1,87698,60.1%,1.4616333333333333
60.1,87809,60.1%,1.4634833333333332
60.0,87918,60.0%,1.4653
60.0,88029,60.0%,1.46715
59.9,88138,59.9%,1.4689666666666668
59.9,88249,59.9%,1.4708166666666667
59.8,88359,59.8%,1.47265
59.8,88469,59.8%,1.4744833333333334
59.7,88580,59.7%,1.4763333333333333
59.7,88689,59.7%,1.47815
59.6,88800,59.6%,1.48
59.6,88909,59.6%,1.4818166666666666
59.5,89020,59.5%,1.4836666666666667
59.5,89129,59.5%,1.4854833333333333
59.4,89240,59.4%,1.4873333333333334
59.4,89351,59.4%,1.4891833333333333
59.3,89460,59.3%,1.491
59.3,89571,59.3%,1.49285
59.2,89680,59.2%,1.4946666666666666
59.2,89791,59.2%,1.4965166666666667
59.1,89901,59.1%,1.49835
59.1,90011,59.1%,1.5001833333333334
59.0,90122,59.0%,1.5020333333333333
59.0,90231,59.0%,1.50385
58.9,90342,58.9%,1.5057
58.9,90451,58.9%,1.5075166666666666
58.8,90562,58.8%,1.5093666666666667
58.8,90672,58.8%,1.5112
58.7,90782,58.7%,1.5130333333333332
58.7,90893,58.7%,1.5148833333333334
58.6,91002,58.6%,1.5167
58.6,91113,58.6%,1.51855
58.5,91223,58.5%,1.5203833333333334
58.5,91333,58.5%,1.5222166666666668
58.4,91444,58.4%,1.5240666666666667
58.4,91553,58.4%,1.5258833333333333
58.3,91664,58.3%,1.5277333333333334
58.3,91773,58.3%,1.52955
58.2,91884,58.2%,1.5314
58.2,91994,58.2%,1.5332333333333332
58.1,92104,58.1%,1.5350666666666666
58.1,92215,58.1%,1.5369166666666667
58.0,92324,58.0%,1.5387333333333333
58.0,92435,58.0%,1.5405833333333334
57.9,92545,57.9%,1.5424166666666668
57.9,92655,57.9%,1.54425
57.8,92766,57.8%,1.5461
57.8,92875,57.8%,1.5479166666666666
57.7,92986,57.7%,1.5497666666666667
57.7,93095,57.7%,1.5515833333333333
57.6,93206,57.6%,1.5534333333333334
57.6,93316,57.6%,1.5552666666666666
57.5,93426,57.5%,1.5571
57.5,93537,57.5%,1.55895
57.4,93646,57.4%,1.5607666666666666
57.4,93757,57.4%,1.5626166666666668
57.3,93867,57.3%,1.56445
57.3,93977,57.3%,1.5662833333333332
57.2,94087,57.2%,1.5681166666666666
57.2,94197,57.2%,1.56995
57.1,94308,57.1%,1.5718
57.1,94417,57.1%,1.5736166666666667
57.0,94528,57.0%,1.5754666666666666
57.0,94638,57.0%,1.5773
56.9,94748,56.9%,1.5791333333333333
56.9,94859,56.9%,1.5809833333333334
56.8,94968,56.8%,1.5828
56.8,95079,56.8%,1.58465
56.7,95188,56.7%,1.5864666666666667
56.7,95299,56.7%,1.5883166666666666
56.6,95409,56.6%,1.59015
56.6,95519,56.6%,1.5919833333333333
56.5,95629,56.5%,1.5938166666666667
56.5,95739,56.5%,1.59565
56.4,95850,56.4%,1.5975
56.4,95960,56.4%,1.5993333333333333
56.3,96070,56.3%,1.6011666666666666
56.3,96180,56.3%,1.603
56.2,96290,56.2%,1.6048333333333333
56.2,96401,56.2%,1.6066833333333332
56.1,96510,56.1%,1.6085
56.1,96621,56.1%,1.61035
56.0,96731,56.0%,1.6121833333333333
56.0,96841,56.0%,1.6140166666666667
55.9,96952,55.9%,1.6158666666666666
55.9,97061,55.9%,1.6176833333333334
55.8,97172,55.8%,1.6195333333333333
55.8,97282,55.8%,1.6213666666666666
55.7,97392,55.7%,1.6232
55.7,97502,55.7%,1.6250333333333333
55.6,97612,55.6%,1.6268666666666667
55.6,97723,55.6%,1.6287166666666666
55.5,97832,55.5%,1.6305333333333334
55.5,97943,55.5%,1.6323833333333333
55.4,98053,55.4%,1.6342166666666667
55.4,98163,55.4%,1.63605
55.3,98274,55.3%,1.6379
55.3,98383,55.3%,1.6397166666666667
55.2,98494,55.2%,1.6415666666666666
55.2,98604,55.2%,1.6434
55.1,98714,55.1%,1.6452333333333333
55.1,98825,55.1%,1.6470833333333332
55.0,98934,55.0%,1.6489
55.0,99045,55.0%,1.65075
54.9,99154,54.9%,1.6525666666666667
54.9,99265,54.9%,1.6544166666666666
54.8,99375,54.8%,1.65625
54.8,99485,54.8%,1.6580833333333334
54.7,99595,54.7%,1.6599166666666667
54.7,99705,54.7%,1.66175
54.6,99816,54.6%,1.6636
54.6,99926,54.6%,1.6654333333333333
54.5,100036,54.5%,1.6672666666666667
54.5,100146,54.5%,1.6691
54.4,100256,54.4%,1.6709333333333334
54.4,100367,54.4%,1.6727833333333333
54.3,100477,54.3%,1.6746166666666666
54.3,100587,54.3%,1.67645
54.2,100698,54.2%,1.6783
54.2,100808,54.2%,1.6801333333333333
54.1,100918,54.1%,1.6819666666666666
54.1,101028,54.1%,1.6838
54.0,101139,54.0%,1.68565
54.0,101249,54.0%,1.6874833333333332
53.9,101359,53.9%,1.6893166666666666
53.9,101469,53.9%,1.69115
53.8,101579,53.8%,1.6929833333333333
53.8,101690,53.8%,1.6948333333333334
53.7,101799,53.7%,1.69665
53.7,101910,53.7%,1.6985
53.6,102021,53.6%,1.70035
53.6,102130,53.6%,1.7021666666666666
53.5,102241,53.5%,1.7040166666666667
53.5,102351,53.5%,1.70585
53.4,102461,53.4%,1.7076833333333334
53.4,102572,53.4%,1.7095333333333333
53.3,102682,53.3%,1.7113666666666667
53.3,102792,53.3%,1.7132
53.2,102902,53.2%,1.7150333333333334
53.2,103013,53.2%,1.7168833333333333
53.1,103122,53.1%,1.7187
53.1,103233,53.1%,1.72055
53.0,103344,53.0%,1.7224
53.0,103453,53.0%,1.7242166666666667
52.9,103564,52.9%,1.7260666666666666
52.9,103674,52.9%,1.7279
52.8,103784,52.8%,1.7297333333333333
52.8,103895,52.8%,1.7315833333333333
52.7,104005,52.7%,1.7334166666666666
52.7,104115,52.7%,1.73525
52.6,104225,52.6%,1.7370833333333333
52.6,104336,52.6%,1.7389333333333334
52.5,104445,52.5%,1.74075
52.5,104556,52.5%,1.7426
52.4,104666,52.4%,1.7444333333333333
52.4,104776,52.4%,1.7462666666666666
52.3,104887,52.3%,1.7481166666666668
52.3,104996,52.3%,1.7499333333333333
52.2,105107,52.2%,1.7517833333333332
52.2,105218,52.2%,1.7536333333333334
52.1,105328,52.1%,1.7554666666666667
52.1,105438,52.1%,1.7573
52.0,105548,52.0%,1.7591333333333334
52.0,105659,52.0%,1.7609833333333333
51.9,105768,51.9%,1.7628
51.9,105879,51.9%,1.76465
51.8,105990,51.8%,1.7665
51.8,106099,51.8%,1.7683166666666668
51.7,106210,51.7%,1.7701666666666667
51.7,106319,51.7%,1.7719833333333332
51.6,106430,51.6%,1.7738333333333334
51.6,106541,51.6%,1.7756833333333333
51.5,106650,51.5%,1.7775
51.5,106761,51.5%,1.77935
51.4,106871,51.4%,1.7811833333333333
51.4,106981,51.4%,1.7830166666666667
51.3,107091,51.3%,1.78485
51.3,107202,51.3%,1.7867
51.2,107312,51.2%,1.7885333333333333
51.2,107422,51.2%,1.7903666666666667
51.1,107533,51.1%,1.7922166666666666
51.1,107642,51.1%,1.7940333333333334
51.0,107753,51.0%,1.7958833333333333
51.0,107864,51.0%,1.7977333333333334
50.9,107973,50.9%,1.79955
50.9,108084,50.9%,1.8014
50.8,108194,50.8%,1.8032333333333332
50.8,108304,50.8%,1.8050666666666666
50.7,108414,50.7%,1.8069
50.7,108525,50.7%,1.80875
50.6,108635,50.6%,1.8105833333333334
50.6,108745,50.6%,1.8124166666666666
50.5,108856,50.5%,1.8142666666666667
50.5,108965,50.5%,1.8160833333333333
50.4,109076,50.4%,1.8179333333333334
50.4,109187,50.4%,1.8197833333333333
50.3,109296,50.3%,1.8216
50.3,109407,50.3%,1.82345
50.2,109517,50.2%,1.8252833333333334
50.2,109627,50.2%,1.8271166666666667
50.1,109737,50.1%,1.82895
50.1,109848,50.1%,1.8308
50.0,109958,50.0%,1.8326333333333333
50.0,110068,50.0%,1.8344666666666667
49.9,110179,49.9%,1.8363166666666666
49.9,110289,49.9%,1.83815
49.8,110399,49.8%,1.8399833333333333
49.8,110510,49.8%,1.8418333333333334
49.7,110620,49.7%,1.8436666666666666
49.7,110730,49.7%,1.8455
49.6,110840,49.6%,1.8473333333333333
49.6,110951,49.6%,1.8491833333333334
49.5,111062,49.5%,1.8510333333333333
49.5,111171,49.5%,1.85285
49.4,111282,49.4%,1.8547
49.4,111392,49.4%,1.8565333333333334
49.3,111503,49.3%,1.8583833333333333
49.3,111612,49.3%,1.8602
49.2,111723,49.2%,1.86205
49.2,111834,49.2%,1.8639
49.1,111944,49.1%,1.8657333333333332
49.1,112054,49.1%,1.8675666666666666
49.0,112164,49.0%,1.8694
49.0,112275,49.0%,1.87125
48.9,112386,48.9%,1.8731
48.9,112495,48.9%,1.8749166666666666
48.8,112606,48.8%,1.8767666666666667
48.8,112716,48.8%,1.8786
48.7,112826,48.7%,1.8804333333333334
48.7,112936,48.7%,1.8822666666666668
48.6,113047,48.6%,1.8841166666666667
48.6,113158,48.6%,1.8859666666666666
48.5,113267,48.5%,1.8877833333333334
48.5,113378,48.5%,1.8896333333333333
48.4,113488,48.4%,1.8914666666666666
48.4,113599,48.4%,1.8933166666666668
48.3,113709,48.3%,1.89515
48.3,113819,48.3%,1.8969833333333332
48.2,113930,48.2%,1.8988333333333334
48.2,114040,48.2%,1.9006666666666667
48.1,114150,48.1%,1.9025
48.1,114260,48.1%,1.9043333333333334
48.0,114371,48.0%,1.9061833333333333
48.0,114482,48.0%,1.9080333333333332
47.9,114591,47.9%,1.90985
47.9,114702,47.9%,1.9117
47.8,114812,47.8%,1.9135333333333333
47.8,114922,47.8%,1.9153666666666667
47.7,115033,47.7%,1.9172166666666666
47.7,115143,47.7%,1.91905
47.6,115254,47.6%,1.9209
47.6,115363,47.6%,1.9227166666666666
47.5,115474,47.5%,1.9245666666666668
47.5,115585,47.5%,1.9264166666666667
47.4,115695,47.4%,1.92825
47.4,115805,47.4%,1.9300833333333334
47.3,115915,47.3%,1.9319166666666667
47.3,116026,47.3%,1.9337666666666666
47.2,116136,47.2%,1.9356
47.2,116247,47.2%,1.93745
47.1,116357,47.1%,1.9392833333333332
47.1,116467,47.1%,1.9411166666666666
47.0,116578,47.0%,1.9429666666666667
47.0,116688,47.0%,1.9448
46.9,116798,46.9%,1.9466333333333334
46.9,116909,46.9%,1.9484833333333333
46.8,117019,46.8%,1.9503166666666667
46.8,117130,46.8%,1.9521666666666666
46.7,117239,46.7%,1.9539833333333334
46.7,117350,46.7%,1.9558333333333333
46.6,117460,46.6%,1.9576666666666667
46.6,117571,46.6%,1.9595166666666666
46.5,117681,46.5%,1.96135
46.5,117791,46.5%,1.9631833333333333
46.4,117902,46.4%,1.9650333333333334
46.4,118012,46.4%,1.9668666666666668
46.3,118122,46.3%,1.9687
46.3,118233,46.3%,1.97055
46.2,118343,46.2%,1.9723833333333334
46.2,118453,46.2%,1.9742166666666667
46.1,118563,46.1%,1.97605
46.1,118674,46.1%,1.9779
46.0,118785,46.0%,1.97975
46.0,118894,46.0%,1.9815666666666667
45.9,119005,45.9%,1.9834166666666666
45.9,119115,45.9%,1.98525
45.8,119225,45.8%,1.9870833333333333
45.8,119335,45.8%,1.9889166666666667
45.7,119446,45.7%,1.9907666666666666
45.7,119556,45.7%,1.9926
45.6,119666,45.6%,1.9944333333333333
45.6,119777,45.6%,1.9962833333333334
45.5,119887,45.5%,1.9981166666666668
45.5,119997,45.5%,1.99995
45.4,120108,45.4%,2.0018
45.4,120218,45.4%,2.003633333333333
45.3,120328,45.3%,2.0054666666666665
45.3,120438,45.3%,2.0073
45.2,120549,45.2%,2.00915
45.2,120659,45.2%,2.0109833333333333
45.1,120769,45.1%,2.0128166666666667
45.1,120880,45.1%,2.014666666666667
45.0,120990,45.0%,2.0165
45.0,121101,45.0%,2.01835
44.9,121210,44.9%,2.020166666666667
44.9,121321,44.9%,2.0220166666666666
44.8,121432,44.8%,2.0238666666666667
44.8,121542,44.8%,2.0257
44.7,121653,44.7%,2.02755
44.7,121762,44.7%,2.0293666666666668
44.6,121873,44.6%,2.0312166666666664
44.6,121984,44.6%,2.0330666666666666
44.5,122094,44.5%,2.0349
44.5,122204,44.5%,2.0367333333333333
44.4,122314,44.4%,2.0385666666666666
44.4,122425,44.4%,2.0404166666666668
44.3,122534,44.3%,2.0422333333333333
44.3,122645,44.3%,2.0440833333333335
44.2,122756,44.2%,2.045933333333333
44.2,122866,44.2%,2.0477666666666665
44.1,122976,44.1%,2.0496
44.1,123086,44.1%,2.051433333333333
44.0,123197,44.0%,2.0532833333333333
44.0,123307,44.0%,2.0551166666666667
43.9,123417,43.9%,2.05695
43.9,123528,43.9%,2.0588
43.8,123638,43.8%,2.0606333333333335
43.8,123748,43.8%,2.0624666666666664
43.7,123858,43.7%,2.0643
43.7,123969,43.7%,2.06615
43.6,124080,43.6%,2.068
43.6,124189,43.6%,2.0698166666666666
43.5,124300,43.5%,2.0716666666666668
43.5,124410,43.5%,2.0735
43.4,124520,43.4%,2.0753333333333335
43.4,124631,43.4%,2.077183333333333
43.3,124741,43.3%,2.0790166666666665
43.3,124852,43.3%,2.0808666666666666
43.2,124961,43.2%,2.082683333333333
43.2,125072,43.2%,2.0845333333333333
43.1,125182,43.1%,2.0863666666666667
43.1,125292,43.1%,2.0882
43.0,125403,43.0%,2.09005
43.0,125513,43.0%,2.0918833333333335
42.9,125624,42.9%,2.0937333333333332
42.9,125734,42.9%,2.0955666666666666
42.8,125844,42.8%,2.0974
42.8,125955,42.8%,2.09925
42.7,126065,42.7%,2.1010833333333334
42.7,126176,42.7%,2.1029333333333335
42.6,126285,42.6%,2.10475
42.6,126396,42.6%,2.1066
42.5,126507,42.5%,2.10845
42.5,126616,42.5%,2.1102666666666665
42.4,126727,42.4%,2.1121166666666666
42.4,126837,42.4%,2.11395
42.3,126948,42.3%,2.1158
42.3,127057,42.3%,2.1176166666666667
42.2,127168,42.2%,2.119466666666667
42.2,127279,42.2%,2.1213166666666665
42.1,127389,42.1%,2.12315
42.1,127499,42.1%,2.1249833333333332
42.0,127609,42.0%,2.1268166666666666
42.0,127720,42.0%,2.1286666666666667
41.9,127831,41.9%,2.130516666666667
41.9,127940,41.9%,2.1323333333333334
41.8,128051,41.8%,2.1341833333333335
41.8,128161,41.8%,2.1360166666666665
41.7,128272,41.7%,2.1378666666666666
41.7,128382,41.7%,2.1397
41.6,128492,41.6%,2.1415333333333333
41.6,128603,41.6%,2.1433833333333334
41.5,128713,41.5%,2.1452166666666668
41.5,128824,41.5%,2.1470666666666665
41.4,128933,41.4%,2.1488833333333335
41.4,129044,41.4%,2.150733333333333
41.3,129155,41.3%,2.1525833333333333
41.3,129264,41.3%,2.1544
41.2,129375,41.2%,2.15625
41.2,129485,41.2%,2.1580833333333334
41.1,129596,41.1%,2.1599333333333335
41.1,129705,41.1%,2.16175
41.0,129816,41.0%,2.1636
41.0,129927,41.0%,2.16545
40.9,130037,40.9%,2.1672833333333332
40.9,130147,40.9%,2.1691166666666666
40.8,130257,40.8%,2.17095
40.8,130368,40.8%,2.1728
40.7,130479,40.7%,2.17465
40.7,130588,40.7%,2.1764666666666668
40.6,130699,40.6%,2.1783166666666665
40.6,130809,40.6%,2.18015
40.5,130920,40.5%,2.182
40.5,131030,40.5%,2.1838333333333333
40.4,131140,40.4%,2.1856666666666666
40.4,131251,40.4%,2.1875166666666668
40.3,131360,40.3%,2.1893333333333334
40.3,131471,40.3%,2.1911833333333335
40.2,131581,40.2%,2.193016666666667
40.2,131692,40.2%,2.1948666666666665
40.1,131802,40.1%,2.1967
40.1,131912,40.1%,2.1985333333333332
40.0,132023,40.0%,2.2003833333333334
40.0,132132,40.0%,2.2022
39.9,132243,39.9%,2.20405
39.9,132354,39.9%,2.2059
39.8,132464,39.8%,2.2077333333333335
39.8,132574,39.8%,2.2095666666666665
39.7,132684,39.7%,2.2114
39.7,132795,39.7%,2.21325
39.6,132904,39.6%,2.2150666666666665
39.6,133015,39.6%,2.2169166666666666
39.5,133126,39.5%,2.2187666666666668
39.5,133236,39.5%,2.2206
39.4,133347,39.4%,2.22245
39.4,133456,39.4%,2.224266666666667
39.3,133567,39.3%,2.2261166666666665
39.3,133678,39.3%,2.2279666666666667
39.2,133787,39.2%,2.2297833333333332
39.2,133898,39.2%,2.2316333333333334
39.1,134008,39.1%,2.2334666666666667
39.1,134119,39.1%,2.235316666666667
39.0,134228,39.0%,2.2371333333333334
39.0,134339,39.0%,2.2389833333333335
38.9,134450,38.9%,2.2408333333333332
38.9,134559,38.9%,2.24265
38.8,134670,38.8%,2.2445
38.8,134780,38.8%,2.2463333333333333
38.7,134891,38.7%,2.2481833333333334
38.7,135002,38.7%,2.2500333333333336
38.6,135111,38.6%,2.25185
38.6,135222,38.6%,2.2537
38.5,135332,38.5%,2.255533333333333
38.5,135442,38.5%,2.2573666666666665
38.4,135553,38.4%,2.2592166666666667
38.4,135663,38.4%,2.26105
38.3,135774,38.3%,2.2629
38.3,135883,38.3%,2.2647166666666667
38.2,135994,38.2%,2.266566666666667
38.2,136104,38.2%,2.2684
38.1,136215,38.1%,2.27025
38.1,136326,38.1%,2.2721
38.0,136435,38.0%,2.2739166666666666
38.0,136546,38.0%,2.2757666666666667
37.9,136656,37.9%,2.2776
37.9,136767,37.9%,2.27945
37.8,136877,37.8%,2.2812833333333336
37.8,136987,37.8%,2.2831166666666665
37.7,137098,37.7%,2.2849666666666666
37.7,137208,37.7%,2.2868
37.6,137318,37.6%,2.2886333333333333
37.6,137428,37.6%,2.2904666666666667
37.5,137539,37.5%,2.292316666666667
37.5,137649,37.5%,2.29415
37.4,137759,37.4%,2.2959833333333335
37.4,137870,37.4%,2.297833333333333
37.3,137980,37.3%,2.2996666666666665
37.3,138090,37.3%,2.3015
37.2,138201,37.2%,2.30335
37.2,138311,37.2%,2.3051833333333334
37.1,138422,37.1%,2.3070333333333335
37.1,138531,37.1%,2.30885
37.0,138642,37.0%,2.3107
37.0,138753,37.0%,2.31255
36.9,138863,36.9%,2.3143833333333332
36.9,138973,36.9%,2.3162166666666666
36.8,139083,36.8%,2.31805
36.8,139194,36.8%,2.3199
36.7,139304,36.7%,2.3217333333333334
36.7,139414,36.7%,2.323566666666667
36.6,139525,36.6%,2.3254166666666665
36.6,139635,36.6%,2.32725
36.5,139746,36.5%,2.3291
36.5,139855,36.5%,2.3309166666666665
36.4,139966,36.4%,2.3327666666666667
36.4,140077,36.4%,2.334616666666667
36.3,140187,36.3%,2.33645
36.3,140297,36.3%,2.3382833333333335
36.2,140407,36.2%,2.340116666666667
36.2,140518,36.2%,2.3419666666666665
36.1,140627,36.1%,2.3437833333333336
36.1,140738,36.1%,2.3456333333333332
36.0,140849,36.0%,2.3474833333333334
36.0,140959,36.0%,2.3493166666666667
35.9,141070,35.9%,2.351166666666667
35.9,141179,35.9%,2.3529833333333334
35.8,141290,35.8%,2.354833333333333
35.8,141401,35.8%,2.3566833333333332
35.7,141510,35.7%,2.3585
35.7,141621,35.7%,2.36035
35.6,141731,35.6%,2.3621833333333333
35.6,141842,35.6%,2.3640333333333334
35.5,141953,35.5%,2.365883333333333
35.5,142062,35.5%,2.3677
35.4,142173,35.4%,2.36955
35.4,142283,35.4%,2.371383333333333
35.3,142393,35.3%,2.3732166666666665
35.3,142503,35.3%,2.37505
35.2,142614,35.2%,2.3769
35.2,142725,35.2%,2.37875
35.1,142834,35.1%,2.3805666666666667
35.1,142945,35.1%,2.382416666666667
35.0,143055,35.0%,2.38425
35.0,143165,35.0%,2.386083333333333
34.9,143276,34.9%,2.3879333333333332
34.9,143386,34.9%,2.3897666666666666
34.8,143497,34.8%,2.3916166666666667
34.8,143606,34.8%,2.3934333333333333
34.7,143717,34.7%,2.3952833333333334
34.7,143827,34.7%,2.397116666666667
34.6,143938,34.6%,2.3989666666666665
34.6,144049,34.6%,2.4008166666666666
34.5,144158,34.5%,2.402633333333333
34.5,144269,34.5%,2.4044833333333333
34.4,144379,34.4%,2.4063166666666667
34.4,144490,34.4%,2.408166666666667
34.3,144600,34.3%,2.41
34.3,144710,34.3%,2.4118333333333335
34.2,144821,34.2%,2.413683333333333
34.2,144930,34.2%,2.4155
34.1,145041,34.1%,2.41735
34.1,145152,34.1%,2.4192
34.0,145262,34.0%,2.4210333333333334
34.0,145372,34.0%,2.4228666666666667
33.9,145482,33.9%,2.4247
33.9,145593,33.9%,2.42655
33.8,145703,33.8%,2.428383333333333
33.8,145813,33.8%,2.4302166666666665
33.7,145924,33.7%,2.4320666666666666
33.7,146034,33.7%,2.4339
33.6,146144,33.6%,2.4357333333333333
33.6,146254,33.6%,2.4375666666666667
33.5,146365,33.5%,2.439416666666667
33.5,146476,33.5%,2.4412666666666665
33.4,146586,33.4%,2.4431
33.4,146696,33.4%,2.444933333333333
33.3,146806,33.3%,2.4467666666666665
33.3,146917,33.3%,2.4486166666666667
33.2,147027,33.2%,2.45045
33.2,147137,33.2%,2.4522833333333334
33.1,147248,33.1%,2.4541333333333335
33.1,147358,33.1%,2.455966666666667
33.0,147469,33.0%,2.4578166666666665
33.0,147578,33.0%,2.459633333333333
32.9,147689,32.9%,2.4614833333333332
32.9,147800,32.9%,2.4633333333333334
32.8,147910,32.8%,2.4651666666666667
32.8,148020,32.8%,2.467
32.7,148130,32.7%,2.4688333333333334
32.7,148241,32.7%,2.470683333333333
32.6,148352,32.6%,2.4725333333333332
32.6,148461,32.6%,2.47435
32.5,148572,32.5%,2.4762
32.5,148682,32.5%,2.4780333333333333
32.4,148793,32.4%,2.4798833333333334
32.4,148903,32.4%,2.481716666666667
32.3,149013,32.3%,2.48355
32.3,149124,32.3%,2.4854
32.2,149234,32.2%,2.487233333333333
32.2,149344,32.2%,2.4890666666666665
32.1,149454,32.1%,2.4909
32.1,149565,32.1%,2.49275
32.0,149676,32.0%,2.4946
32.0,149785,32.0%,2.4964166666666667
31.9,149896,31.9%,2.498266666666667
31.9,150006,31.9%,2.5001
31.8,150117,31.8%,2.50195
31.8,150226,31.8%,2.5037666666666665
31.7,150337,31.7%,2.5056166666666666
31.7,150448,31.7%,2.5074666666666667
31.6,150557,31.6%,2.5092833333333333
31.6,150668,31.6%,2.5111333333333334
31.5,150778,31.5%,2.512966666666667
31.5,150889,31.5%,2.5148166666666665
31.4,150999,31.4%,2.51665
31.4,151109,31.4%,2.518483333333333
31.3,151220,31.3%,2.5203333333333333
31.3,151330,31.3%,2.5221666666666667
31.2,151440,31.2%,2.524
31.2,151550,31.2%,2.5258333333333334
31.1,151661,31.1%,2.5276833333333335
31.1,151771,31.1%,2.529516666666667
31.0,151881,31.0%,2.53135
31.0,151992,31.0%,2.5332
30.9,152102,30.9%,2.5350333333333332
30.9,152212,30.9%,2.5368666666666666
30.8,152323,30.8%,2.5387166666666667
30.8,152433,30.8%,2.54055
30.7,152543,30.7%,2.5423833333333334
30.7,152653,30.7%,2.544216666666667
30.6,152764,30.6%,2.5460666666666665
30.6,152875,30.6%,2.5479166666666666
30.5,152984,30.5%,2.549733333333333
30.5,153095,30.5%,2.5515833333333333
30.4,153205,30.4%,2.5534166666666667
30.4,153316,30.4%,2.555266666666667
30.3,153425,30.3%,2.5570833333333334
30.3,153536,30.3%,2.5589333333333335
30.2,153647,30.2%,2.560783333333333
30.2,153756,30.2%,2.5626
30.1,153867,30.1%,2.56445
30.1,153977,30.1%,2.5662833333333332
30.0,154088,30.0%,2.5681333333333334
30.0,154198,30.0%,2.5699666666666667
29.9,154308,29.9%,2.5718
29.9,154419,29.9%,2.57365
29.8,154529,29.8%,2.575483333333333
29.8,154639,29.8%,2.5773166666666665
29.7,154749,29.7%,2.57915
29.7,154860,29.7%,2.581
29.6,154971,29.6%,2.58285
29.6,155080,29.6%,2.5846666666666667
29.5,155191,29.5%,2.586516666666667
29.5,155301,29.5%,2.58835
29.4,155412,29.4%,2.5902
29.4,155522,29.4%,2.592033333333333
29.3,155632,29.3%,2.5938666666666665
29.3,155743,29.3%,2.5957166666666667
29.2,155853,29.2%,2.59755
29.2,155963,29.2%,2.5993833333333334
29.1,156073,29.1%,2.6012166666666667
29.1,156184,29.1%,2.603066666666667
29.0,156295,29.0%,2.6049166666666665
29.0,156404,29.0%,2.606733333333333
28.9,156515,28.9%,2.6085833333333333
28.9,156625,28.9%,2.6104166666666666
28.8,156735,28.8%,2.61225
28.8,156846,28.8%,2.6141
28.7,156956,28.7%,2.6159333333333334
28.7,157067,28.7%,2.617783333333333
28.6,157177,28.6%,2.6196166666666665
28.6,157287,28.6%,2.62145
28.5,157398,28.5%,2.6233
28.5,157508,28.5%,2.6251333333333333
28.4,157618,28.4%,2.6269666666666667
28.4,157728,28.4%,2.6288
28.3,157839,28.3%,2.63065
28.3,157949,28.3%,2.6324833333333335
28.2,158059,28.2%,2.634316666666667
28.2,158170,28.2%,2.6361666666666665
28.1,158280,28.1%,2.638
28.1,158391,28.1%,2.63985
28.0,158501,28.0%,2.6416833333333334
28.0,158611,28.0%,2.6435166666666667
27.9,158722,27.9%,2.645366666666667
27.9,158832,27.9%,2.6472
27.8,158942,27.8%,2.649033333333333
27.8,159052,27.8%,2.6508666666666665
27.7,159163,27.7%,2.6527166666666666
27.7,159273,27.7%,2.65455
27.6,159383,27.6%,2.6563833333333333
27.6,159494,27.6%,2.6582333333333334
27.5,159604,27.5%,2.660066666666667
27.5,159715,27.5%,2.6619166666666665
27.4,159824,27.4%,2.6637333333333335
27.4,159935,27.4%,2.665583333333333
27.3,160046,27.3%,2.6674333333333333
27.3,160156,27.3%,2.6692666666666667
27.2,160266,27.2%,2.6711
27.2,160376,27.2%,2.6729333333333334
27.1,160487,27.1%,2.6747833333333335
27.1,160598,27.1%,2.676633333333333
27.0,160707,27.0%,2.67845
27.0,160818,27.0%,2.6803
26.9,160928,26.9%,2.6821333333333333
26.9,161039,26.9%,2.6839833333333334
26.8,161148,26.8%,2.6858
26.8,161259,26.8%,2.68765
26.7,161370,26.7%,2.6895
26.7,161480,26.7%,2.691333333333333
26.6,161590,26.6%,2.6931666666666665
26.6,161700,26.6%,2.695
26.5,161811,26.5%,2.69685
26.5,161922,26.5%,2.6987
26.4,162031,26.4%,2.7005166666666667
26.4,162142,26.4%,2.702366666666667
26.3,162252,26.3%,2.7042
26.3,162363,26.3%,2.70605
26.2,162473,26.2%,2.707883333333333
26.2,162583,26.2%,2.7097166666666666
26.1,162694,26.1%,2.7115666666666667
26.1,162804,26.1%,2.7134
26.0,162914,26.0%,2.7152333333333334
26.0,163024,26.0%,2.7170666666666667
25.9,163135,25.9%,2.718916666666667
25.9,163246,25.9%,2.7207666666666666
25.8,163355,25.8%,2.722583333333333
25.8,163466,25.8%,2.7244333333333333
25.7,163576,25.7%,2.7262666666666666
25.7,163686,25.7%,2.7281
25.6,163796,25.6%,2.7299333333333333
25.6,163907,25.6%,2.7317833333333335
25.5,164018,25.5%,2.733633333333333
25.5,164127,25.5%,2.73545
25.4,164238,25.4%,2.7373
25.4,164348,25.4%,2.739133333333333
25.3,164458,25.3%,2.7409666666666666
25.3,164569,25.3%,2.7428166666666667
25.2,164679,25.2%,2.74465
25.2,164790,25.2%,2.7465
25.1,164899,25.1%,2.7483166666666667
25.1,165010,25.1%,2.750166666666667
25.0,165121,25.0%,2.7520166666666666
25.0,165231,25.0%,2.75385
24.9,165341,24.9%,2.7556833333333333
24.9,165451,24.9%,2.7575166666666666
24.8,165562,24.8%,2.7593666666666667
24.8,165672,24.8%,2.7612
24.7,165782,24.7%,2.7630333333333335
24.7,165893,24.7%,2.764883333333333
24.6,166003,24.6%,2.7667166666666665
24.6,166114,24.6%,2.7685666666666666
24.5,166223,24.5%,2.770383333333333
24.5,166334,24.5%,2.7722333333333333
24.4,166445,24.4%,2.7740833333333335
24.4,166555,24.4%,2.775916666666667
24.3,166665,24.3%,2.77775
24.3,166775,24.3%,2.7795833333333335
24.2,166886,24.2%,2.781433333333333
24.2,166995,24.2%,2.78325
24.1,167106,24.1%,2.7851
24.1,167217,24.1%,2.78695
24.0,167327,24.0%,2.7887833333333334
24.0,167437,24.0%,2.7906166666666667
23.9,167547,23.9%,2.79245
23.9,167658,23.9%,2.7943
23.8,167768,23.8%,2.796133333333333
23.8,167878,23.8%,2.7979666666666665
23.7,167989,23.7%,2.7998166666666666
23.7,168099,23.7%,2.80165
23.6,168209,23.6%,2.8034833333333333
23.6,168320,23.6%,2.8053333333333335
23.5,168430,23.5%,2.807166666666667
23.5,168541,23.5%,2.8090166666666665
23.4,168650,23.4%,2.8108333333333335
23.4,168761,23.4%,2.812683333333333
23.3,168871,23.3%,2.8145166666666666
23.3,168981,23.3%,2.81635
23.2,169092,23.2%,2.8182
23.2,169202,23.2%,2.8200333333333334
23.1,169313,23.1%,2.8218833333333335
23.1,169422,23.1%,2.8237
23.0,169533,23.0%,2.82555
23.0,169644,23.0%,2.8274
22.9,169754,22.9%,2.8292333333333333
22.9,169864,22.9%,2.8310666666666666
22.8,169974,22.8%,2.8329
22.8,170085,22.8%,2.83475
22.7,170195,22.7%,2.8365833333333335
22.7,170305,22.7%,2.838416666666667
22.6,170416,22.6%,2.8402666666666665
22.6,170526,22.6%,2.8421
22.5,170637,22.5%,2.84395
22.5,170746,22.5%,2.8457666666666666
22.4,170857,22.4%,2.8476166666666667
22.4,170968,22.4%,2.849466666666667
22.3,171078,22.3%,2.8513
22.3,171188,22.3%,2.8531333333333335
22.2,171298,22.2%,2.854966666666667
22.2,171409,22.2%,2.8568166666666666
22.1,171520,22.1%,2.8586666666666667
22.1,171629,22.1%,2.8604833333333333
22.0,171740,22.0%,2.8623333333333334
22.0,171850,22.0%,2.8641666666666667
21.9,171960,21.9%,2.866
21.9,172070,21.9%,2.8678333333333335
21.8,172181,21.8%,2.869683333333333
21.8,172292,21.8%,2.8715333333333333
21.7,172401,21.7%,2.87335
21.7,172512,21.7%,2.8752
21.6,172622,21.6%,2.8770333333333333
21.6,172732,21.6%,2.8788666666666667
21.5,172843,21.5%,2.880716666666667
21.5,172953,21.5%,2.88255
21.4,173064,21.4%,2.8844
21.4,173173,21.4%,2.886216666666667
21.3,173284,21.3%,2.8880666666666666
21.3,173394,21.3%,2.8899
21.2,173505,21.2%,2.89175
21.2,173615,21.2%,2.8935833333333334
21.1,173725,21.1%,2.8954166666666667
21.1,173836,21.1%,2.897266666666667
21.0,173945,21.0%,2.8990833333333335
21.0,174056,21.0%,2.900933333333333
20.9,174167,20.9%,2.9027833333333333
20.9,174277,20.9%,2.9046166666666666
20.8,174388,20.8%,2.9064666666666668
20.8,174497,20.8%,2.9082833333333333
20.7,174608,20.7%,2.9101333333333335
20.7,174718,20.7%,2.911966666666667
20.6,174829,20.6%,2.9138166666666665
20.6,174939,20.6%,2.91565
20.5,175049,20.5%,2.917483333333333
20.5,175160,20.5%,2.9193333333333333
20.4,175270,20.4%,2.9211666666666667
20.4,175380,20.4%,2.923
20.3,175491,20.3%,2.92485
20.3,175601,20.3%,2.9266833333333335
20.2,175712,20.2%,2.928533333333333
20.2,175821,20.2%,2.93035
20.1,175932,20.1%,2.9322
20.1,176043,20.1%,2.93405
20.0,176153,20.0%,2.9358833333333334
20.0,176263,20.0%,2.9377166666666668
19.9,176373,19.9%,2.93955
19.9,176484,19.9%,2.9414
19.8,176594,19.8%,2.943233333333333
19.8,176704,19.8%,2.9450666666666665
19.7,176815,19.7%,2.9469166666666666
19.7,176925,19.7%,2.94875
19.6,177036,19.6%,2.9506
19.6,177145,19.6%,2.9524166666666667
19.5,177256,19.5%,2.954266666666667
19.5,177367,19.5%,2.9561166666666665
19.4,177477,19.4%,2.95795
19.4,177587,19.4%,2.959783333333333
19.3,177697,19.3%,2.9616166666666666
19.3,177808,19.3%,2.9634666666666667
19.2,177918,19.2%,2.9653
19.2,178028,19.2%,2.9671333333333334
19.1,178139,19.1%,2.9689833333333335
19.1,178249,19.1%,2.970816666666667
19.0,178360,19.0%,2.9726666666666666
19.0,178469,19.0%,2.974483333333333
18.9,178580,18.9%,2.9763333333333333
18.9,178691,18.9%,2.9781833333333334
18.8,178801,18.8%,2.9800166666666668
18.8,178911,18.8%,2.98185
18.7,179021,18.7%,2.9836833333333335
18.7,179132,18.7%,2.985533333333333
18.6,179243,18.6%,2.9873833333333333
18.6,179352,18.6%,2.9892
18.5,179463,18.5%,2.99105
18.5,179573,18.5%,2.9928833333333333
18.4,179683,18.4%,2.9947166666666667
18.4,179793,18.4%,2.99655
18.3,179904,18.3%,2.9984
18.3,180015,18.3%,3.00025
18.2,180124,18.2%,3.002066666666667
18.2,180235,18.2%,3.0039166666666666
18.1,180345,18.1%,3.00575
18.1,180455,18.1%,3.0075833333333333
18.0,180566,18.0%,3.0094333333333334
18.0,180676,18.0%,3.0112666666666668
17.9,180787,17.9%,3.013116666666667
17.9,180896,17.9%,3.0149333333333335
17.8,181007,17.8%,3.016783333333333
17.8,181117,17.8%,3.0186166666666665
17.7,181228,17.7%,3.0204666666666666
17.7,181338,17.7%,3.0223
17.6,181448,17.6%,3.0241333333333333
17.6,181559,17.6%,3.0259833333333335
17.5,181669,17.5%,3.027816666666667
17.5,181779,17.5%,3.02965
17.4,181890,17.4%,3.0315
17.4,182000,17.4%,3.033333333333333
17.3,182111,17.3%,3.0351833333333333
17.3,182220,17.3%,3.037
17.2,182331,17.2%,3.03885
17.2,182441,17.2%,3.0406833333333334
17.1,182551,17.1%,3.0425166666666668
17.1,182662,17.1%,3.044366666666667
17.0,182772,17.0%,3.0462
17.0,182883,17.0%,3.04805
16.9,182992,16.9%,3.0498666666666665
16.9,183103,16.9%,3.0517166666666666
16.8,183214,16.8%,3.0535666666666668
16.8,183324,16.8%,3.0554
16.7,183434,16.7%,3.0572333333333335
16.7,183544,16.7%,3.059066666666667
16.6,183655,16.6%,3.0609166666666665
16.6,183766,16.6%,3.0627666666666666
16.5,183875,16.5%,3.064583333333333
16.5,183986,16.5%,3.0664333333333333
16.4,184096,16.4%,3.0682666666666667
16.4,184207,16.4%,3.070116666666667
16.3,184316,16.3%,3.0719333333333334
16.3,184427,16.3%,3.0737833333333335
16.2,184538,16.2%,3.075633333333333
16.2,184648,16.2%,3.0774666666666666
16.1,184758,16.1%,3.0793
16.1,184868,16.1%,3.0811333333333333
16.0,184979,16.0%,3.0829833333333334
16.0,185090,16.0%,3.0848333333333335
15.9,185200,15.9%,3.0866666666666664
15.9,185310,15.9%,3.0885
15.8,185420,15.8%,3.090333333333333
15.8,185531,15.8%,3.0921833333333333
15.7,185641,15.7%,3.0940166666666666
15.7,185751,15.7%,3.09585
15.6,185862,15.6%,3.0977
15.6,185972,15.6%,3.0995333333333335
15.5,186083,15.5%,3.101383333333333
15.5,186192,15.5%,3.1032
15.4,186303,15.4%,3.10505
15.4,186414,15.4%,3.1069
15.3,186524,15.3%,3.1087333333333333
15.3,186634,15.3%,3.1105666666666667
15.2,186744,15.2%,3.1124
15.2,186855,15.2%,3.11425
15.1,186966,15.1%,3.1161
15.1,187075,15.1%,3.1179166666666664
15.0,187186,15.0%,3.1197666666666666
15.0,187296,15.0%,3.1216
14.9,187407,14.9%,3.12345
14.9,187516,14.9%,3.1252666666666666
14.8,187627,14.8%,3.1271166666666668
14.8,187738,14.8%,3.1289666666666665
14.7,187848,14.7%,3.1308
14.7,187958,14.7%,3.132633333333333
14.6,188068,14.6%,3.1344666666666665
14.6,188179,14.6%,3.1363166666666666
14.5,188289,14.5%,3.13815
14.5,188399,14.5%,3.1399833333333333
14.4,188510,14.4%,3.1418333333333335
14.4,188620,14.4%,3.143666666666667
14.3,188731,14.3%,3.1455166666666665
14.3,188840,14.3%,3.1473333333333335
14.2,188951,14.2%,3.1491833333333332
14.2,189062,14.2%,3.1510333333333334
14.1,189172,14.1%,3.1528666666666667
14.1,189282,14.1%,3.1547
14.0,189392,14.0%,3.1565333333333334
14.0,189503,14.0%,3.1583833333333335
13.9,189613,13.9%,3.1602166666666665
13.9,189723,13.9%,3.16205
13.8,189834,13.8%,3.1639
13.8,189944,13.8%,3.1657333333333333
13.7,190054,13.7%,3.1675666666666666
13.7,190164,13.7%,3.1694
13.6,190275,13.6%,3.17125
13.6,190386,13.6%,3.1731
13.5,190495,13.5%,3.174916666666667
13.5,190606,13.5%,3.1767666666666665
13.4,190716,13.4%,3.1786
13.4,190827,13.4%,3.18045
13.3,190937,13.3%,3.1822833333333334
13.3,191047,13.3%,3.1841166666666667
13.2,191158,13.2%,3.185966666666667
13.2,191267,13.2%,3.1877833333333334
13.1,191378,13.1%,3.1896333333333335
13.1,191489,13.1%,3.1914833333333332
13.0,191599,13.0%,3.1933166666666666
13.0,191709,13.0%,3.19515
12.9,191819,12.9%,3.1969833333333333
12.9,191930,12.9%,3.1988333333333334
12.8,192040,12.8%,3.2006666666666668
12.8,192150,12.8%,3.2025
12.7,192261,12.7%,3.20435
12.7,192371,12.7%,3.206183333333333
12.6,192482,12.6%,3.2080333333333333
12.6,192591,12.6%,3.20985
12.5,192702,12.5%,3.2117
12.5,192813,12.5%,3.21355
12.4,192922,12.4%,3.2153666666666667
12.4,193033,12.4%,3.217216666666667
12.3,193143,12.3%,3.21905
12.3,193254,12.3%,3.2209
12.2,193363,12.2%,3.2227166666666665
12.2,193474,12.2%,3.2245666666666666
12.1,193585,12.1%,3.2264166666666667
12.1,193695,12.1%,3.22825
12.0,193805,12.0%,3.2300833333333334
12.0,193915,12.0%,3.2319166666666668
11.9,194026,11.9%,3.2337666666666665
11.9,194137,11.9%,3.2356166666666666
11.8,194246,11.8%,3.237433333333333
11.8,194357,11.8%,3.2392833333333333
11.7,194467,11.7%,3.2411166666666666
11.7,194578,11.7%,3.2429666666666668
11.6,194688,11.6%,3.2448
11.6,194798,11.6%,3.2466333333333335
11.5,194909,11.5%,3.248483333333333
11.5,195019,11.5%,3.2503166666666665
11.4,195129,11.4%,3.25215
11.4,195239,11.4%,3.2539833333333332
11.3,195350,11.3%,3.2558333333333334
11.3,195461,11.3%,3.2576833333333335
11.2,195570,11.2%,3.2595
11.2,195681,11.2%,3.26135
11.1,195791,11.1%,3.2631833333333335
11.1,195901,11.1%,3.2650166666666665
11.0,196012,11.0%,3.2668666666666666
11.0,196122,11.0%,3.2687
10.9,196233,10.9%,3.27055
10.9,196342,10.9%,3.2723666666666666
10.8,196453,10.8%,3.2742166666666668
10.8,196563,10.8%,3.27605
10.7,196673,10.7%,3.2778833333333335
10.7,196784,10.7%,3.279733333333333
10.6,196894,10.6%,3.2815666666666665
10.6,197005,10.6%,3.2834166666666667
10.5,197114,10.5%,3.2852333333333332
10.5,197225,10.5%,3.2870833333333334
10.4,197336,10.4%,3.2889333333333335
10.4,197446,10.4%,3.290766666666667
10.3,197556,10.3%,3.2926
10.3,197666,10.3%,3.2944333333333335
10.2,197777,10.2%,3.2962833333333332
10.2,197888,10.2%,3.2981333333333334
10.1,197997,10.1%,3.29995
10.1,198108,10.1%,3.3018
10.0,198218,10.0%,3.3036333333333334
10.0,198328,10.0%,3.3054666666666668
9.9,198438,9.9%,3.3073
9.9,198549,9.9%,3.30915
9.8,198660,9.8%,3.311
9.8,198769,9.8%,3.3128166666666665
9.7,198880,9.7%,3.3146666666666667
9.7,198990,9.7%,3.3165
9.6,199100,9.6%,3.3183333333333334
9.6,199211,9.6%,3.3201833333333335
9.5,199321,9.5%,3.322016666666667
9.5,199431,9.5%,3.32385
9.4,199541,9.4%,3.3256833333333335
9.4,199652,9.4%,3.3275333333333332
9.3,199761,9.3%,3.32935
9.3,199872,9.3%,3.3312
9.2,199983,9.2%,3.33305
9.2,200092,9.2%,3.3348666666666666
9.1,200203,9.1%,3.3367166666666668
9.1,200313,9.1%,3.33855
9.0,200423,9.0%,3.3403833333333335
9.0,200534,9.0%,3.342233333333333
8.9,200644,8.9%,3.3440666666666665
8.9,200754,8.9%,3.3459
8.8,200864,8.8%,3.3477333333333332
8.8,200975,8.8%,3.3495833333333334
8.7,201085,8.7%,3.3514166666666667
8.7,201195,8.7%,3.35325
8.6,201306,8.6%,3.3551
8.6,201415,8.6%,3.3569166666666668
8.5,201526,8.5%,3.3587666666666665
8.5,201636,8.5%,3.3606
8.4,201746,8.4%,3.362433333333333
8.4,201857,8.4%,3.3642833333333333
8.3,201967,8.3%,3.3661166666666666
8.3,202077,8.3%,3.36795
8.2,202187,8.2%,3.3697833333333334
8.2,202297,8.2%,3.3716166666666667
8.1,202407,8.1%,3.37345
8.1,202518,8.1%,3.3753
8.0,202629,8.0%,3.37715
8.0,202738,8.0%,3.3789666666666665
7.9,202849,7.9%,3.3808166666666666
7.9,202959,7.9%,3.38265
7.8,203069,7.8%,3.3844833333333333
7.8,203180,7.8%,3.3863333333333334
7.7,203290,7.7%,3.3881666666666668
7.7,203400,7.7%,3.39
7.6,203510,7.6%,3.3918333333333335
7.6,203620,7.6%,3.393666666666667
7.5,203730,7.5%,3.3955
7.5,203841,7.5%,3.39735
7.4,203951,7.4%,3.3991833333333332
7.4,204061,7.4%,3.4010166666666666
7.3,204172,7.3%,3.4028666666666667
7.3,204281,7.3%,3.4046833333333333
7.2,204392,7.2%,3.4065333333333334
7.2,204503,7.2%,3.4083833333333335
7.1,204612,7.1%,3.4102
7.1,204723,7.1%,3.41205
7.0,204833,7.0%,3.413883333333333
7.0,204944,7.0%,3.4157333333333333
6.9,205053,6.9%,3.41755
6.9,205164,6.9%,3.4194
6.8,205275,6.8%,3.42125
6.8,205384,6.8%,3.4230666666666667
6.7,205495,6.7%,3.424916666666667
6.7,205605,6.7%,3.42675
6.6,205715,6.6%,3.4285833333333335
6.6,205826,6.6%,3.4304333333333332
6.5,205936,6.5%,3.4322666666666666
6.5,206047,6.5%,3.4341166666666667
6.4,206156,6.4%,3.4359333333333333
6.4,206267,6.4%,3.4377833333333334
6.3,206377,6.3%,3.4396166666666668
6.3,206487,6.3%,3.44145
6.2,206598,6.2%,3.4433
6.2,206708,6.2%,3.445133333333333
6.1,206818,6.1%,3.4469666666666665
6.1,206928,6.1%,3.4488
6.0,207039,6.0%,3.45065
6.0,207149,6.0%,3.4524833333333333
5.9,207259,5.9%,3.4543166666666667
5.9,207370,5.9%,3.456166666666667
5.8,207479,5.8%,3.4579833333333334
5.8,207590,5.8%,3.4598333333333335
5.7,207700,5.7%,3.4616666666666664
5.7,207810,5.7%,3.4635
5.6,207921,5.6%,3.46535
5.6,208031,5.6%,3.4671833333333333
5.5,208141,5.5%,3.4690166666666666
5.5,208251,5.5%,3.47085
5.4,208362,5.4%,3.4727
5.4,208472,5.4%,3.4745333333333335
5.3,208582,5.3%,3.476366666666667
5.3,208693,5.3%,3.4782166666666665
5.2,208802,5.2%,3.4800333333333335
5.2,208913,5.2%,3.481883333333333
5.1,209024,5.1%,3.4837333333333333
5.1,209134,5.1%,3.4855666666666667
5.0,209244,5.0%,3.4874
5.0,209354,5.0%,3.4892333333333334
4.9,209464,4.9%,3.4910666666666668
4.9,209574,4.9%,3.4929
4.8,209685,4.8%,3.49475
4.8,209795,4.8%,3.496583333333333
4.7,209905,4.7%,3.4984166666666665
4.7,210016,4.7%,3.5002666666666666
4.6,210125,4.6%,3.502083333333333
4.6,210236,4.6%,3.5039333333333333
4.5,210347,4.5%,3.5057833333333335
4.5,210456,4.5%,3.5076
4.4,210567,4.4%,3.50945
4.4,210677,4.4%,3.5112833333333335
4.3,210787,4.3%,3.513116666666667
4.3,210897,4.3%,3.51495
4.2,211008,4.2%,3.5168
4.2,211118,4.2%,3.5186333333333333
4.1,211228,4.1%,3.5204666666666666
4.1,211339,4.1%,3.5223166666666668
4.0,211449,4.0%,3.52415
4.0,211559,4.0%,3.5259833333333335
3.9,211670,3.9%,3.527833333333333
3.9,211780,3.9%,3.5296666666666665
3.8,211890,3.8%,3.5315
3.8,212000,3.8%,3.533333333333333
3.7,212111,3.7%,3.5351833333333333
3.7,212220,3.7%,3.537
3.6,212331,3.6%,3.53885
3.6,212442,3.6%,3.5407
3.5,212551,3.5%,3.5425166666666668
3.5,212662,3.5%,3.544366666666667
3.4,212772,3.4%,3.5462
3.4,212882,3.4%,3.548033333333333
3.3,212993,3.3%,3.5498833333333333
3.3,213102,3.3%,3.5517
3.2,213213,3.2%,3.55355
3.2,213323,3.2%,3.5553833333333333
3.1,213434,3.1%,3.5572333333333335
3.1,213543,3.1%,3.55905
3.0,213654,3.0%,3.5609
3.0,213764,3.0%,3.5627333333333335
2.9,213874,2.9%,3.564566666666667
2.9,213985,2.9%,3.5664166666666666
2.8,214094,2.8%,3.568233333333333
2.8,214205,2.8%,3.5700833333333333
2.7,214316,2.7%,3.5719333333333334
2.7,214425,2.7%,3.57375
2.6,214536,2.6%,3.5756
2.6,214646,2.6%,3.5774333333333335
2.5,214756,2.5%,3.579266666666667
2.5,214866,2.5%,3.5811
2.4,214977,2.4%,3.58295
2.4,215087,2.4%,3.584783333333333
2.3,215197,2.3%,3.5866166666666666
2.3,215308,2.3%,3.5884666666666667
2.2,215418,2.2%,3.5903
2.2,215528,2.2%,3.5921333333333334
2.1,215639,2.1%,3.5939833333333335
2.1,215748,2.1%,3.5958
2.0,215859,2.0%,3.59765
2.0,215969,2.0%,3.599483333333333
1.9,216079,1.9%,3.6013166666666665
1.9,216189,1.9%,3.60315
1.8,216300,1.8%,3.605
1.8,216410,1.8%,3.6068333333333333
1.7,216520,1.7%,3.6086666666666667
1.7,216631,1.7%,3.610516666666667
1.6,216740,1.6%,3.6123333333333334
1.6,216851,1.6%,3.6141833333333335
1.5,216962,1.5%,3.616033333333333
1.5,217071,1.5%,3.61785
1.4,217182,1.4%,3.6197
1.4,217292,1.4%,3.6215333333333333
1.3,217402,1.3%,3.6233666666666666
1.3,217512,1.3%,3.6252
1.2,217623,1.2%,3.62705
1.2,217734,1.2%,3.6289
1.1,217843,1.1%,3.630716666666667
1.1,217954,1.1%,3.6325666666666665
1.0,218064,1.0%,3.6344
1.0,218174,1.0%,3.636233333333333
0.9,218285,0.9%,3.6380833333333333
0.9,218394,0.9%,3.6399
0.8,218505,0.8%,3.64175
0.8,218615,0.8%,3.6435833333333334
0.7,218726,0.7%,3.6454333333333335
0.7,218835,0.7%,3.64725
0.6,218946,0.6%,3.6491
0.6,219056,0.6%,3.650933333333333
0.5,219166,0.5%,3.6527666666666665
0.5,219277,0.5%,3.6546166666666666
0.4,219386,0.4%,3.656433333333333
0.4,219497,0.4%,3.6582833333333333
0.3,219607,0.3%,3.6601166666666667
0.3,219717,0.3%,3.66195
0.2,219828,0.2%,3.6638
0.2,219937,0.2%,3.6656166666666667
0.1,220048,0.1%,3.667466666666667
0.1,220158,0.1%,3.6693
0.0,220268,0.0%,3.671133333333333
100.0,220379,100.0%,3.6729833333333333
100.0,220489,100.0%,3.6748166666666666
99.9,220599,99.9%,3.67665
99.8,220709,99.8%,3.6784833333333333
99.8,220820,99.8%,3.6803333333333335
99.7,220930,99.7%,3.682166666666667
99.7,221040,99.7%,3.684
99.6,221151,99.6%,3.68585
99.6,221260,99.6%,3.687666666666667
99.5,221371,99.5%,3.6895166666666666
99.5,221481,99.5%,3.69135
99.4,221591,99.4%,3.6931833333333333
99.4,221702,99.4%,3.6950333333333334
99.3,221812,99.3%,3.6968666666666667
99.3,221922,99.3%,3.6987
99.2,222032,99.2%,3.7005333333333335
99.2,222143,99.2%,3.702383333333333
99.1,222253,99.1%,3.7042166666666665
99.1,222363,99.1%,3.70605
99.0,222474,99.0%,3.7079
99.0,222583,99.0%,3.7097166666666666
98.9,222694,98.9%,3.7115666666666667
98.9,222804,98.9%,3.7134
98.8,222914,98.8%,3.7152333333333334
98.8,223025,98.8%,3.7170833333333335
98.7,223135,98.7%,3.718916666666667
98.7,223245,98.7%,3.72075
98.6,223355,98.6%,3.722583333333333
98.6,223466,98.6%,3.7244333333333333
98.5,223577,98.5%,3.7262833333333334
98.5,223686,98.5%,3.7281
98.4,223797,98.4%,3.72995
98.4,223906,98.4%,3.7317666666666667
98.3,224017,98.3%,3.733616666666667
98.3,224128,98.3%,3.7354666666666665
98.2,224238,98.2%,3.7373
98.2,224348,98.2%,3.739133333333333
98.1,224458,98.1%,3.7409666666666666
98.1,224569,98.1%,3.7428166666666667
98.0,224678,98.0%,3.7446333333333333
98.0,224789,98.0%,3.7464833333333334
97.9,224900,97.9%,3.7483333333333335
97.9,225009,97.9%,3.75015
97.8,225120,97.8%,3.752
97.8,225230,97.8%,3.753833333333333
97.7,225340,97.7%,3.7556666666666665
97.7,225451,97.7%,3.7575166666666666
97.6,225561,97.6%,3.75935
97.6,225671,97.6%,3.7611833333333333
97.5,225781,97.5%,3.7630166666666667
97.5,225892,97.5%,3.764866666666667
97.4,226001,97.4%,3.7666833333333334
97.4,226112,97.4%,3.7685333333333335
97.3,226222,97.3%,3.770366666666667
97.3,226332,97.3%,3.7722
97.2,226443,97.2%,3.77405
97.2,226553,97.2%,3.7758833333333333
97.1,226663,97.1%,3.7777166666666666
97.1,226774,97.1%,3.7795666666666667
97.0,226884,97.0%,3.7814
97.0,226994,97.0%,3.7832333333333334
96.9,227104,96.9%,3.785066666666667
96.9,227215,96.9%,3.7869166666666665
96.8,227324,96.8%,3.7887333333333335
96.8,227435,96.8%,3.790583333333333
96.7,227546,96.7%,3.7924333333333333
96.7,227655,96.7%,3.79425
96.6,227766,96.6%,3.7961
96.6,227876,96.6%,3.7979333333333334
96.5,227986,96.5%,3.7997666666666667
96.5,228097,96.5%,3.801616666666667
96.4,228207,96.4%,3.80345
96.4,228317,96.4%,3.805283333333333
96.3,228427,96.3%,3.8071166666666665
96.3,228538,96.3%,3.8089666666666666
96.2,228647,96.2%,3.810783333333333
96.2,228758,96.2%,3.8126333333333333
96.1,228869,96.1%,3.8144833333333334
96.1,228979,96.1%,3.816316666666667
96.0,229089,96.0%,3.81815
96.0,229199,96.0%,3.8199833333333335
95.9,229309,95.9%,3.821816666666667
95.9,229420,95.9%,3.8236666666666665
95.8,229530,95.8%,3.8255
95.8,229640,95.8%,3.8273333333333333
95.7,229750,95.7%,3.8291666666666666
95.7,229861,95.7%,3.8310166666666667
95.6,229970,95.6%,3.8328333333333333
95.6,230081,95.6%,3.8346833333333334
95.5,230192,95.5%,3.836533333333333
95.5,230301,95.5%,3.83835
95.4,230412,95.4%,3.8402
95.4,230522,95.4%,3.842033333333333
95.3,230633,95.3%,3.8438833333333333
95.3,230743,95.3%,3.8457166666666667
95.2,230853,95.2%,3.84755
95.2,230964,95.2%,3.8494
95.1,231073,95.1%,3.8512166666666667
95.1,231184,95.1%,3.853066666666667
95.0,231294,95.0%,3.8549
95.0,231404,95.0%,3.856733333333333
94.9,231515,94.9%,3.8585833333333333
94.9,231625,94.9%,3.8604166666666666
94.8,231735,94.8%,3.86225
94.8,231845,94.8%,3.8640833333333333
94.7,231956,94.7%,3.8659333333333334
94.7,232066,94.7%,3.867766666666667
94.6,232176,94.6%,3.8696
94.6,232286,94.6%,3.8714333333333335
94.5,232396,94.5%,3.873266666666667
94.5,232507,94.5%,3.8751166666666665
94.4,232616,94.4%,3.876933333333333
94.4,232727,94.4%,3.8787833333333332
94.3,232838,94.3%,3.8806333333333334
94.3,232948,94.3%,3.8824666666666667
94.2,233058,94.2%,3.8843
94.2,233168,94.2%,3.8861333333333334
94.1,233279,94.1%,3.887983333333333
94.1,233389,94.1%,3.8898166666666665
94.0,233499,94.0%,3.89165
94.0,233610,94.0%,3.8935
93.9,233719,93.9%,3.8953166666666665
93.9,233830,93.9%,3.8971666666666667
93.8,233940,93.8%,3.899
93.8,234050,93.8%,3.9008333333333334
93.7,234161,93.7%,3.9026833333333335
93.7,234271,93.7%,3.904516666666667
93.6,234381,93.6%,3.90635
93.6,234491,93.6%,3.908183333333333
93.5,234602,93.5%,3.9100333333333332
93.5,234713,93.5%,3.9118833333333334
93.4,234822,93.4%,3.9137
93.4,234933,93.4%,3.91555
93.3,235043,93.3%,3.9173833333333334
93.3,235153,93.3%,3.919216666666667
93.2,235264,93.2%,3.9210666666666665
93.2,235374,93.2%,3.9229
93.1,235484,93.1%,3.924733333333333
93.1,235594,93.1%,3.9265666666666665
93.0,235705,93.0%,3.9284166666666667
93.0,235814,93.0%,3.9302333333333332
92.9,235925,92.9%,3.9320833333333334
92.9,236036,92.9%,3.9339333333333335
92.8,236145,92.8%,3.93575
92.8,236256,92.8%,3.9376
92.7,236366,92.7%,3.939433333333333
92.7,236476,92.7%,3.9412666666666665
92.6,236587,92.6%,3.9431166666666666
92.6,236696,92.6%,3.944933333333333
92.5,236807,92.5%,3.9467833333333333
92.5,236917,92.5%,3.9486166666666667
92.4,237027,92.4%,3.95045
92.4,237137,92.4%,3.9522833333333334
92.3,237248,92.3%,3.9541333333333335
92.3,237358,92.3%,3.955966666666667
92.2,237468,92.2%,3.9578
92.2,237579,92.2%,3.95965
92.1,237688,92.1%,3.9614666666666665
92.1,237799,92.1%,3.9633166666666666
92.0,237910,92.0%,3.9651666666666667
92.0,238019,92.0%,3.9669833333333333
91.9,238130,91.9%,3.9688333333333334
91.9,238240,91.9%,3.970666666666667
91.8,238350,91.8%,3.9725
91.8,238460,91.8%,3.9743333333333335
91.7,238571,91.7%,3.976183333333333
91.7,238681,91.7%,3.9780166666666665
91.6,238791,91.6%,3.97985
91.6,238902,91.6%,3.9817
91.5,239011,91.5%,3.9835166666666666
91.5,239122,91.5%,3.9853666666666667
91.4,239233,91.4%,3.987216666666667
91.4,239342,91.4%,3.9890333333333334
91.3,239453,91.3%,3.990883333333333
91.3,239563,91.3%,3.9927166666666665
91.2,239673,91.2%,3.99455
91.2,239783,91.2%,3.996383333333333
91.1,239894,91.1%,3.9982333333333333
91.1,240004,91.1%,4.000066666666667
91.0,240114,91.0%,4.0019
91.0,240224,91.0%,4.003733333333333
90.9,240334,90.9%,4.005566666666667
90.9,240445,90.9%,4.007416666666667
90.8,240556,90.8%,4.009266666666667
90.8,240665,90.8%,4.011083333333334
90.7,240776,90.7%,4.012933333333334
90.7,240886,90.7%,4.014766666666667
90.6,240996,90.6%,4.0166
90.6,241106,90.6%,4.018433333333333
90.5,241217,90.5%,4.020283333333333
90.5,241327,90.5%,4.022116666666666
90.4,241437,90.4%,4.02395
90.4,241548,90.4%,4.0258
90.3,241657,90.3%,4.027616666666667
90.3,241768,90.3%,4.029466666666667
90.2,241879,90.2%,4.031316666666667
90.2,241988,90.2%,4.033133333333334
90.1,242099,90.1%,4.034983333333333
90.1,242209,90.1%,4.036816666666667
90.0,242319,90.0%,4.03865
90.0,242429,90.0%,4.040483333333333
89.9,242540,89.9%,4.042333333333334
89.9,242650,89.9%,4.0441666666666665
89.8,242760,89.8%,4.046
89.8,242871,89.8%,4.04785
89.7,242980,89.7%,4.049666666666667
89.7,243091,89.7%,4.051516666666667
89.6,243202,89.6%,4.053366666666666
89.6,243311,89.6%,4.055183333333333
89.5,243422,89.5%,4.057033333333333
89.5,243532,89.5%,4.058866666666667
89.4,243642,89.4%,4.0607
89.4,243752,89.4%,4.0625333333333336
89.3,243863,89.3%,4.064383333333334
89.3,243973,89.3%,4.066216666666667
89.2,244083,89.2%,4.06805
89.2,244194,89.2%,4.0699
89.1,244303,89.1%,4.071716666666667
89.1,244414,89.1%,4.073566666666666
89.0,244525,89.0%,4.0754166666666665
89.0,244634,89.0%,4.077233333333333
88.9,244745,88.9%,4.079083333333333
88.9,244855,88.9%,4.080916666666667
88.8,244965,88.8%,4.08275
88.8,245075,88.8%,4.084583333333334
88.7,245186,88.7%,4.086433333333333
88.7,245296,88.7%,4.088266666666667
88.6,245406,88.6%,4.0901
88.6,245517,88.6%,4.09195
88.5,245626,88.5%,4.093766666666666
88.5,245737,88.5%,4.0956166666666665
88.4,245848,88.4%,4.097466666666667
88.4,245957,88.4%,4.099283333333333
88.3,246068,88.3%,4.101133333333333
88.3,246178,88.3%,4.102966666666667
88.2,246288,88.2%,4.1048
88.2,246398,88.2%,4.106633333333333
88.1,246509,88.1%,4.108483333333333
88.1,246619,88.1%,4.110316666666667
88.0,246729,88.0%,4.11215
88.0,246840,88.0%,4.114
87.9,246949,87.9%,4.1158166666666665
87.9,247060,87.9%,4.117666666666667
87.8,247171,87.8%,4.119516666666667
87.8,247280,87.8%,4.121333333333333
87.7,247391,87.7%,4.123183333333333
87.7,247501,87.7%,4.125016666666666
87.6,247611,87.6%,4.12685
87.6,247721,87.6%,4.128683333333333
87.5,247832,87.5%,4.130533333333333
87.5,247943,87.5%,4.132383333333333
87.4,248052,87.4%,4.1342
87.4,248163,87.4%,4.13605
87.3,248273,87.3%,4.137883333333333
87.3,248383,87.3%,4.139716666666667
87.2,248494,87.2%,4.141566666666667
87.2,248604,87.2%,4.1434
87.1,248714,87.1%,4.1452333333333335
87.1,248824,87.1%,4.1470666666666665
87.0,248935,87.0%,4.148916666666667
87.0,249044,87.0%,4.150733333333333
86.9,249155,86.9%,4.152583333333333
86.9,249266,86.9%,4.154433333333333
86.8,249375,86.8%,4.15625
86.8,249486,86.8%,4.1581
86.7,249596,86.7%,4.159933333333333
86.7,249706,86.7%,4.161766666666667
86.6,249817,86.6%,4.163616666666667
86.6,249927,86.6%,4.16545
86.5,250037,86.5%,4.167283333333334
